date,rainfall,tempmax,tempmin
2015-01-01,2.0795758,23.000713,12.394957
2015-01-02,3.0659604,23.127247,13.361515
2015-01-03,2.5568006,22.923555,14.027359
2015-01-04,2.0280952,23.492304,13.442063
2015-01-05,0.79010755,23.630041,12.164774
2015-01-06,0.1495642,24.124043,10.783683
2015-01-07,0.002898141,24.113424,10.457525
2015-01-08,0.04887781,23.900396,10.505843
2015-01-09,0.088836916,23.619413,10.284516
2015-01-10,0.027454592,23.73811,9.451249
2015-01-11,0.0,23.56349,9.256298
2015-01-12,0.0,23.84816,9.094281
2015-01-13,0.068082444,23.939907,9.021463
2015-01-14,0.5924237,23.425241,9.863566
2015-01-15,0.38959193,23.88881,9.677252
2015-01-16,0.0016858119,24.00821,10.020536
2015-01-17,0.0024909715,23.818422,10.032267
2015-01-18,0.06639424,23.578604,9.518277
2015-01-19,0.015214062,23.748764,9.580253
2015-01-20,0.013409408,23.658302,10.168179
2015-01-21,0.058055513,23.808662,11.088691
2015-01-22,1.6877623,23.580458,11.579462
2015-01-23,1.368298,23.87767,11.671601
2015-01-24,0.05767913,23.711912,11.7423
2015-01-25,0.08842311,23.527355,11.789382
2015-01-26,0.641066,23.572195,11.602381
2015-01-27,0.5436909,23.612484,11.327692
2015-01-28,0.26960066,23.265894,11.104569
2015-01-29,0.34911805,23.544762,11.138693
2015-01-30,0.57536644,23.942099,10.748744
2015-01-31,0.41171974,24.770061,9.98668
2015-02-01,0.09726734,25.419273,10.29768
2015-02-02,0.59651256,26.04039,11.574608
2015-02-03,1.8358059,26.332941,12.242066
2015-02-04,1.0465243,26.297878,11.849354
2015-02-05,0.024639403,25.976728,11.765164
2015-02-06,0.0022803515,26.196693,11.43675
2015-02-07,0.05674287,26.490547,11.579879
2015-02-08,0.5953601,26.106167,12.39854
2015-02-09,0.32391942,26.403244,12.272423
2015-02-10,0.04736348,26.521479,12.59444
2015-02-11,0.3042669,26.509245,12.445873
2015-02-12,0.20589286,26.898163,12.344649
2015-02-13,0.44905797,27.6204,12.498707
2015-02-14,0.17217593,28.422878,12.893972
2015-02-15,0.040819377,28.874413,13.418858
2015-02-16,0.48983634,29.091982,14.192193
2015-02-17,0.83984345,29.047316,14.446528
2015-02-18,0.18581858,29.191107,14.862687
2015-02-19,1.3153065,28.711452,15.323784
2015-02-20,2.3019445,28.928053,15.199337
2015-02-21,0.79638124,29.909315,15.114761
2015-02-22,0.3141385,30.390862,15.554617
2015-02-23,0.014635464,30.868439,15.620794
2015-02-24,0.009909689,30.590685,16.15749
2015-02-25,2.5111825,29.50466,16.26736
2015-02-26,2.1818607,28.617517,15.117809
2015-02-27,1.2119508,28.858294,14.549283
2015-02-28,0.8312164,28.599148,15.583282
2015-03-01,4.0911736,24.334986,16.07744
2015-03-02,11.359959,24.859787,15.725944
2015-03-03,4.2766256,26.24402,14.737696
2015-03-04,1.5018257,26.628973,14.073159
2015-03-05,1.3698997,27.39952,13.799387
2015-03-06,1.0574327,28.540955,14.393384
2015-03-07,0.33983293,28.597425,14.708115
2015-03-08,1.1376731,28.84923,15.334249
2015-03-09,3.0047364,28.726969,14.8508415
2015-03-10,0.78716266,29.433407,14.73583
2015-03-11,0.16174538,30.233242,14.740464
2015-03-12,0.36131185,30.399345,15.433699
2015-03-13,0.32807386,30.401857,16.238821
2015-03-14,0.92042714,29.515835,16.6629
2015-03-15,3.4950688,27.984715,16.845007
2015-03-16,4.3209853,28.786041,16.290474
2015-03-17,2.3688436,29.794281,16.15068
2015-03-18,0.40581715,30.064001,16.522758
2015-03-19,0.3040729,30.965399,16.169111
2015-03-20,0.12367011,32.126553,16.643095
2015-03-21,0.00043862977,33.02724,17.377655
2015-03-22,0.0,33.82637,18.09611
2015-03-23,0.0006099505,34.32111,18.852715
2015-03-24,0.008187874,34.628193,19.302103
2015-03-25,0.315872,34.808193,19.702427
2015-03-26,0.20817196,34.740486,20.28834
2015-03-27,0.53525805,34.141308,20.393864
2015-03-28,1.0610452,34.10994,20.106852
2015-03-29,2.3122966,33.215866,20.759886
2015-03-30,3.5040364,31.22909,20.287857
2015-03-31,2.9589765,31.575176,19.076988
2015-04-01,1.8793098,32.449543,19.336462
2015-04-02,3.434338,32.953533,19.821568
2015-04-03,3.4626977,32.797062,20.007376
2015-04-04,3.4209075,32.049614,19.985117
2015-04-05,2.6567872,32.119503,19.621214
2015-04-06,1.957562,32.481052,19.632467
2015-04-07,1.2150433,31.913967,19.98445
2015-04-08,2.1943223,32.963463,19.786026
2015-04-09,1.5089879,33.751144,19.895588
2015-04-10,1.2337689,34.25056,20.099087
2015-04-11,1.0359963,33.508183,20.368706
2015-04-12,2.6107733,30.920166,19.974348
2015-04-13,3.8596478,30.524963,19.023335
2015-04-14,2.9360886,31.332098,19.12031
2015-04-15,1.9271269,32.139145,19.728601
2015-04-16,2.7222896,32.51117,20.173195
2015-04-17,1.3089901,33.969948,20.541687
2015-04-18,2.7585073,34.808144,20.869865
2015-04-19,2.188051,35.661278,21.689968
2015-04-20,2.4266968,35.798893,22.578426
2015-04-21,1.1768903,35.98358,23.069658
2015-04-22,2.8168857,35.77568,22.240236
2015-04-23,2.060862,35.80796,22.170145
2015-04-24,3.2123344,35.113125,21.46539
2015-04-25,3.2595673,34.273502,21.041197
2015-04-26,1.7766763,34.16246,21.234335
2015-04-27,1.7398024,35.20447,21.791832
2015-04-28,1.8406463,35.13285,22.096859
2015-04-29,2.4923906,35.215176,22.021255
2015-04-30,1.6528537,35.97282,22.38482
2015-05-01,1.5363367,35.921738,22.13851
2015-05-02,1.0984553,36.39583,22.526005
2015-05-03,1.9295415,36.597282,22.225832
2015-05-04,1.289492,36.71147,22.348778
2015-05-05,1.1217105,37.032803,22.233257
2015-05-06,0.8006637,37.288063,22.741955
2015-05-07,0.88909405,37.213272,23.539743
2015-05-08,0.8208943,37.30367,23.755217
2015-05-09,0.34651643,37.398758,24.151276
2015-05-10,0.5564555,36.721073,24.407637
2015-05-11,0.9239323,36.10274,24.22189
2015-05-12,2.3061838,35.08661,23.325214
2015-05-13,2.9859965,34.990753,23.500141
2015-05-14,3.2680793,34.70605,23.016958
2015-05-15,2.8079715,34.859535,23.611807
2015-05-16,4.085393,35.26324,23.109852
2015-05-17,3.995698,36.019707,23.212206
2015-05-18,2.9078338,37.10601,24.117619
2015-05-19,1.7297648,37.67608,24.722033
2015-05-20,1.2326193,37.929615,24.332367
2015-05-21,0.6431188,38.693375,25.012566
2015-05-22,1.303995,38.955772,24.951525
2015-05-23,1.6396898,38.694054,25.20922
2015-05-24,2.2485948,38.1009,25.180035
2015-05-25,1.4385542,37.959335,25.319237
2015-05-26,2.0548136,37.994812,25.388447
2015-05-27,1.3420392,37.89301,24.775364
2015-05-28,2.074444,37.552055,24.51654
2015-05-29,1.9907699,37.984554,24.9665
2015-05-30,2.9708233,37.84781,25.014233
2015-05-31,2.215211,37.549137,25.625454
2015-06-01,5.6946435,35.900627,24.146708
2015-06-02,2.4241817,35.64401,23.695627
2015-06-03,3.1430387,35.049664,23.436386
2015-06-04,2.6523266,35.108868,23.810106
2015-06-05,3.1800632,35.55129,23.952787
2015-06-06,5.6577396,36.259727,24.28283
2015-06-07,4.1735168,37.04854,24.754374
2015-06-08,5.123401,36.89857,24.945517
2015-06-09,5.133547,36.16396,25.020077
2015-06-10,6.00506,35.984364,25.155745
2015-06-11,4.1348457,35.31154,24.574535
2015-06-12,5.98271,34.470524,24.003485
2015-06-13,6.788288,33.589287,23.98545
2015-06-14,9.03028,32.705025,22.92372
2015-06-15,6.621226,33.092197,23.334757
2015-06-16,4.9629626,33.609493,23.744177
2015-06-17,5.302803,34.150917,23.926598
2015-06-18,6.0180054,34.458694,24.13202
2015-06-19,6.7555084,34.66201,24.63635
2015-06-20,8.173434,34.025593,24.61129
2015-06-21,10.932396,33.218014,24.482464
2015-06-22,13.150416,32.880234,24.155941
2015-06-23,10.511469,32.901745,24.204084
2015-06-24,9.845585,32.37223,24.105232
2015-06-25,13.089825,32.208366,23.640886
2015-06-26,7.8669457,33.160812,23.660095
2015-06-27,4.989733,33.670883,24.08969
2015-06-28,5.345334,33.937416,24.252108
2015-06-29,5.571549,33.25234,24.148947
2015-06-30,6.1935315,32.970383,23.878656
2015-07-01,5.3621354,33.344612,23.908594
2015-07-02,3.9537282,33.72982,23.994528
2015-07-03,3.7475052,34.258537,24.332306
2015-07-04,3.752716,34.66905,24.628284
2015-07-05,3.278668,34.36525,25.37911
2015-07-06,5.9915695,33.289047,24.617022
2015-07-07,4.8358307,32.947968,24.36453
2015-07-08,5.109768,32.96626,24.571531
2015-07-09,7.48559,32.295036,24.487148
2015-07-10,13.503125,31.037556,24.091276
2015-07-11,12.25289,31.266245,23.732458
2015-07-12,7.523587,32.420853,23.85415
2015-07-13,4.0182414,33.586967,24.373455
2015-07-14,2.706473,34.11981,24.777025
2015-07-15,6.8885446,33.234577,24.906607
2015-07-16,7.9565616,32.742485,24.74808
2015-07-17,6.546841,32.385284,24.33514
2015-07-18,6.506567,32.357506,24.41297
2015-07-19,8.53209,31.985888,24.170618
2015-07-20,10.850588,31.45151,23.923779
2015-07-21,8.587488,31.810883,24.122513
2015-07-22,8.425992,31.688534,24.114443
2015-07-23,10.34578,31.68881,24.059727
2015-07-24,11.799699,31.599287,23.782278
2015-07-25,11.199913,31.605352,23.863783
2015-07-26,13.0548935,31.351612,23.413315
2015-07-27,11.079479,31.104786,23.35461
2015-07-28,13.982286,31.65368,23.219528
2015-07-29,9.969688,31.885193,23.459484
2015-07-30,5.1630287,31.746954,23.955027
2015-07-31,4.3740606,31.09556,23.68928
2015-08-01,8.336984,30.702839,23.409525
2015-08-02,5.8522344,31.253315,23.334097
2015-08-03,7.407864,31.334078,23.56555
2015-08-04,8.033348,31.430975,23.763721
2015-08-05,10.321745,31.026892,23.588644
2015-08-06,5.6646643,31.506586,23.477823
2015-08-07,3.5827978,31.680819,23.812464
2015-08-08,5.0694203,31.946259,24.030325
2015-08-09,4.463019,32.22003,24.262234
2015-08-10,5.3279696,32.52437,24.396635
2015-08-11,6.808084,32.27484,24.212843
2015-08-12,9.301193,31.338427,23.963917
2015-08-13,7.5646877,31.494888,23.959736
2015-08-14,6.5347133,31.937382,23.986744
2015-08-15,5.441889,31.801233,24.125523
2015-08-16,10.398823,31.080862,23.672031
2015-08-17,8.506775,31.66111,23.663706
2015-08-18,10.132743,31.684504,23.77078
2015-08-19,8.192502,31.870708,23.739063
2015-08-20,8.777123,31.312008,23.796469
2015-08-21,7.5302973,31.27195,23.427378
2015-08-22,4.745375,31.283117,23.174086
2015-08-23,4.6336713,31.787529,23.332449
2015-08-24,3.4248428,32.30823,23.281096
2015-08-25,2.8396313,32.649933,23.490534
2015-08-26,2.8112385,32.563953,23.815924
2015-08-27,6.0889015,32.214336,23.766417
2015-08-28,6.2463155,32.024227,23.519554
2015-08-29,5.89533,32.01514,23.705948
2015-08-30,8.360028,31.961697,23.891218
2015-08-31,7.7396884,31.816406,23.523388
2015-09-01,5.568481,32.240047,23.31375
2015-09-02,3.8857234,32.385525,23.157812
2015-09-03,2.9851234,32.573856,23.107235
2015-09-04,2.2154682,33.20732,23.164492
2015-09-05,2.64238,33.398445,23.374317
2015-09-06,1.9926722,32.965126,23.182598
2015-09-07,4.066191,32.6434,22.809343
2015-09-08,3.393323,32.838104,22.78399
2015-09-09,2.2390652,33.233612,22.869421
2015-09-10,2.869635,33.63844,22.93372
2015-09-11,3.478488,33.481487,22.965738
2015-09-12,2.6077838,33.443336,23.226768
2015-09-13,3.0333111,33.59667,23.280006
2015-09-14,3.6895983,33.39166,23.349266
2015-09-15,6.3600287,32.779842,23.278492
2015-09-16,7.4998865,32.524155,23.216497
2015-09-17,6.5887694,32.69356,23.174986
2015-09-18,6.2986555,32.805458,23.501991
2015-09-19,5.581355,32.429302,23.541492
2015-09-20,8.006602,30.629013,22.971878
2015-09-21,10.9862795,30.835482,22.39832
2015-09-22,7.274473,31.131575,22.74285
2015-09-23,8.905935,31.35958,22.719727
2015-09-24,3.4851518,31.910828,22.37605
2015-09-25,2.8453774,32.397644,21.850306
2015-09-26,2.090524,32.279842,21.604343
2015-09-27,0.70659035,32.633972,21.465359
2015-09-28,1.4241561,32.84253,21.316828
2015-09-29,0.5474034,33.19864,21.586107
2015-09-30,1.2562641,33.337337,21.707342
2015-10-01,1.4700177,33.55251,21.777685
2015-10-02,1.8372749,33.7586,21.869316
2015-10-03,2.8931494,33.481564,21.74386
2015-10-04,2.1438072,33.50248,21.420052
2015-10-05,3.0828037,33.44383,21.119707
2015-10-06,2.0672562,33.55469,20.888294
2015-10-07,1.3517205,33.461426,21.18336
2015-10-08,2.7027986,33.293716,21.182
2015-10-09,1.3740631,33.61953,21.04809
2015-10-10,1.608374,33.652573,20.98738
2015-10-11,1.458974,33.332134,21.142057
2015-10-12,2.0960052,33.162273,21.037052
2015-10-13,0.49460334,33.265465,20.91738
2015-10-14,0.7129471,32.661686,20.98165
2015-10-15,1.5704037,32.437546,20.37257
2015-10-16,0.548698,32.72103,20.708328
2015-10-17,0.1839139,33.19859,20.62121
2015-10-18,0.16942301,33.326206,20.772419
2015-10-19,1.2130499,33.336605,20.672104
2015-10-20,1.3644569,33.225445,20.547268
2015-10-21,0.14046133,33.044086,20.303284
2015-10-22,0.26681864,32.58596,19.975065
2015-10-23,0.24071936,32.610565,19.107025
2015-10-24,0.6738973,32.19686,18.808725
2015-10-25,1.3018857,31.656784,18.989971
2015-10-26,1.4221718,31.239084,18.6851
2015-10-27,0.28500503,31.158875,18.325993
2015-10-28,0.7043324,29.969261,18.211163
2015-10-29,2.5819206,28.996655,17.388859
2015-10-30,1.8372422,28.767508,17.383904
2015-10-31,1.042658,29.407003,17.582964
2015-11-01,1.2461644,29.83883,17.979652
2015-11-02,2.112882,30.321537,18.337255
2015-11-03,1.0238959,30.365982,18.590563
2015-11-04,2.143086,30.41464,18.35778
2015-11-05,3.4507113,29.562952,18.210428
2015-11-06,0.5663764,29.811142,17.502966
2015-11-07,0.77179813,29.807877,17.185472
2015-11-08,0.70609653,29.53122,17.075087
2015-11-09,1.4992901,29.035524,17.004807
2015-11-10,4.1661773,28.801342,16.975603
2015-11-11,1.6555521,29.464407,16.729292
2015-11-12,0.8157485,29.956106,16.512642
2015-11-13,1.7903894,29.982658,16.457722
2015-11-14,0.38438365,29.868591,16.12733
2015-11-15,0.46537217,29.633976,16.184486
2015-11-16,3.0978944,28.99989,16.597214
2015-11-17,2.8678796,28.375963,15.827105
2015-11-18,1.5164402,28.464556,15.121667
2015-11-19,0.9849503,28.805815,15.0819
2015-11-20,1.1110753,28.896423,15.017406
2015-11-21,1.3192447,29.158005,15.17341
2015-11-22,1.014278,28.803427,15.543395
2015-11-23,2.3579602,28.779472,15.78278
2015-11-24,1.335266,28.805864,15.789115
2015-11-25,0.14273144,28.838264,15.5168
2015-11-26,0.03806298,28.799967,15.141156
2015-11-27,0.24317935,27.729897,14.595169
2015-11-28,0.085803136,27.512121,14.907867
2015-11-29,0.08113904,28.192917,15.2611
2015-11-30,1.8707074,28.537842,15.801959
2015-12-01,1.4116827,28.458649,16.04168
2015-12-02,2.4653254,27.582603,15.699813
2015-12-03,1.3880451,27.284248,15.277135
2015-12-04,1.0887899,27.658583,14.417691
2015-12-05,0.43605626,27.769558,14.000366
2015-12-06,0.80574584,27.655859,13.739279
2015-12-07,0.54138565,27.579649,13.503256
2015-12-08,0.43433586,27.312897,13.234845
2015-12-09,0.3751274,26.861948,13.423095
2015-12-10,0.2062824,26.675451,14.537098
2015-12-11,1.5905398,25.379051,14.590022
2015-12-12,0.99733627,25.40747,13.521524
2015-12-13,0.40693432,25.16046,13.031863
2015-12-14,0.39190584,24.90921,12.518845
2015-12-15,0.6249577,24.700897,11.688672
2015-12-16,0.24999017,25.100449,10.639827
2015-12-17,0.064170845,24.837065,11.315998
2015-12-18,0.2566193,24.481085,11.029464
2015-12-19,0.2661315,24.8625,10.405827
2015-12-20,0.24428768,24.931643,10.5911875
2015-12-21,0.038483888,24.498072,10.738698
2015-12-22,0.16365747,24.507782,10.707352
2015-12-23,0.12914845,24.13637,10.622348
2015-12-24,0.033372022,23.548586,10.442102
2015-12-25,0.030396065,23.398499,9.428939
2015-12-26,0.0050043687,24.342972,9.029113
2015-12-27,0.06377771,25.678768,9.825762
2015-12-28,0.083562754,27.012634,10.530209
2015-12-29,0.07220718,27.597008,11.054497
2015-12-30,0.024413763,27.68656,11.292817
2015-12-31,0.00186545,27.893646,11.552526
2016-01-01,0.019747928,27.09918,11.599049
2016-01-02,0.0,26.840315,11.304881
2016-01-03,0.0,26.71995,11.055766
2016-01-04,0.20565708,26.553802,11.173315
2016-01-05,0.77016854,26.83598,11.608096
2016-01-06,0.020922687,26.65367,11.929709
2016-01-07,0.0033047285,26.71653,12.135235
2016-01-08,0.30424094,26.339914,12.193058
2016-01-09,0.75907934,25.699747,11.6678095
2016-01-10,0.36105588,26.18166,10.753758
2016-01-11,0.0001701161,26.22245,10.593029
2016-01-12,0.0,26.274158,10.977747
2016-01-13,0.049640324,25.54277,11.407417
2016-01-14,0.007498779,25.194641,11.616242
2016-01-15,0.0058404985,24.625267,11.476978
2016-01-16,0.1698805,24.286463,11.514184
2016-01-17,0.08652817,24.236395,11.320887
2016-01-18,0.080838166,24.020609,11.243183
2016-01-19,0.647405,22.843756,12.280634
2016-01-20,1.8950298,21.735357,12.088167
2016-01-21,0.60857254,22.532455,10.86432
2016-01-22,0.10169661,23.092175,9.881737
2016-01-23,0.037905846,23.551943,9.176889
2016-01-24,0.015511216,23.989285,9.615828
2016-01-25,0.01788375,24.290922,9.7423525
2016-01-26,0.046925228,24.991573,10.326016
2016-01-27,0.17359261,25.630575,11.107454
2016-01-28,0.086569175,26.415476,11.728442
2016-01-29,0.22013888,26.99473,12.4543495
2016-01-30,0.78020257,27.53178,12.962305
2016-01-31,0.16105266,27.346518,13.45595
2016-02-01,0.015869789,27.27442,12.84403
2016-02-02,0.005929752,27.192732,12.302955
2016-02-03,0.002755484,26.62622,11.878912
2016-02-04,0.004163393,26.767231,11.117103
2016-02-05,0.0006405787,27.379965,11.32207
2016-02-06,0.0,27.610737,12.229219
2016-02-07,0.23057194,27.313858,13.423822
2016-02-08,0.68102,27.336325,13.05474
2016-02-09,0.46040457,27.37873,12.948827
2016-02-10,0.27347976,27.68045,13.096568
2016-02-11,0.8614912,26.886757,13.859102
2016-02-12,0.9096426,27.482563,13.384529
2016-02-13,0.040099274,27.336025,13.453171
2016-02-14,0.14695413,27.789062,13.502011
2016-02-15,0.0433774,27.944983,13.863731
2016-02-16,0.082027294,28.237925,14.440626
2016-02-17,0.039393757,29.330688,14.740493
2016-02-18,0.04126155,29.897295,15.55554
2016-02-19,0.070922114,30.457449,16.520554
2016-02-20,1.5481708,30.186523,17.553864
2016-02-21,0.80641544,30.065363,16.829489
2016-02-22,0.9755933,30.451256,15.816972
2016-02-23,0.4902082,30.646517,15.1496525
2016-02-24,0.53951424,30.617258,14.96647
2016-02-25,0.98636943,30.573421,15.26049
2016-02-26,0.19678621,30.455408,16.073908
2016-02-27,0.9892527,30.804916,16.097332
2016-02-28,0.28826705,31.504913,16.380867
2016-02-29,0.33741316,31.390383,16.42058
2016-03-01,0.85653853,31.509636,16.622065
2016-03-02,0.23765181,31.87552,17.167488
2016-03-03,0.29607823,32.18485,17.509573
2016-03-04,0.17865849,32.218674,17.571415
2016-03-05,0.4563204,31.322458,17.652758
2016-03-06,0.8155109,30.668192,17.331566
2016-03-07,1.1318756,31.007883,17.10517
2016-03-08,0.9196112,31.313421,17.17207
2016-03-09,1.2926047,31.774546,17.664341
2016-03-10,0.5298035,32.38251,18.127632
2016-03-11,0.26232147,32.316006,18.773382
2016-03-12,2.594869,30.926125,18.592484
2016-03-13,2.5284379,29.78054,18.175901
2016-03-14,1.8879458,30.125957,17.459095
2016-03-15,1.8203369,30.993374,17.10074
2016-03-16,0.76980835,31.38547,17.02301
2016-03-17,1.1051644,31.479418,17.562145
2016-03-18,1.9335338,32.680077,18.481508
2016-03-19,1.7256198,33.441856,19.345201
2016-03-20,0.5949461,33.449753,19.4009
2016-03-21,1.1038721,33.211002,18.976505
2016-03-22,0.9636015,33.24618,18.09512
2016-03-23,0.4145066,34.146996,17.579168
2016-03-24,0.098776504,34.784637,18.16301
2016-03-25,0.17822266,34.60358,19.314667
2016-03-26,1.1130416,34.485584,19.710669
2016-03-27,0.16622926,33.744305,19.984594
2016-03-28,1.3807837,33.239994,19.283522
2016-03-29,1.7017754,33.97119,19.077644
2016-03-30,0.44118708,34.799583,19.7956
2016-03-31,1.2653637,34.702873,20.137268
2016-04-01,1.3600932,34.56814,20.072687
2016-04-02,0.7053573,35.47105,21.219614
2016-04-03,0.6504878,35.895798,22.364182
2016-04-04,0.955842,35.456932,22.477268
2016-04-05,1.119974,34.928913,22.295238
2016-04-06,2.4490724,34.680412,21.866293
2016-04-07,2.3820908,34.748962,21.29947
2016-04-08,2.3466144,35.463852,20.844034
2016-04-09,1.8927871,35.404713,21.237274
2016-04-10,0.8265688,36.125427,21.714527
2016-04-11,0.91412705,35.697845,21.914568
2016-04-12,1.3857342,36.09394,21.802803
2016-04-13,1.0194117,36.620186,21.846766
2016-04-14,1.5403898,37.192833,22.016869
2016-04-15,1.4621309,37.63031,22.345627
2016-04-16,0.85513717,37.26419,23.183334
2016-04-17,1.8208,36.24674,23.535133
2016-04-18,2.0182939,36.20834,23.20236
2016-04-19,1.9213098,36.280495,23.010326
2016-04-20,1.5603278,36.855015,23.08197
2016-04-21,2.5285897,36.92608,23.160503
2016-04-22,2.7194781,36.592964,23.002104
2016-04-23,2.2425365,36.26563,22.219227
2016-04-24,3.4282818,36.69177,21.83334
2016-04-25,1.7671642,37.209267,21.564178
2016-04-26,0.5077489,37.59662,22.550959
2016-04-27,0.57566047,37.597458,23.02334
2016-04-28,0.90427,37.87545,22.98112
2016-04-29,1.7240077,38.278786,22.849874
2016-04-30,0.7852658,38.19356,23.058432
2016-05-01,1.7602614,38.447006,22.859602
2016-05-02,0.7298317,38.165634,23.478603
2016-05-03,0.38879836,37.003956,24.145174
2016-05-04,1.5788399,35.93445,23.074821
2016-05-05,2.219083,35.212967,22.214512
2016-05-06,2.2325037,34.871815,22.035362
2016-05-07,1.7445914,35.8517,22.221735
2016-05-08,1.5228094,36.787247,23.043947
2016-05-09,1.08437,37.050297,23.810545
2016-05-10,0.8502442,37.006405,24.066593
2016-05-11,2.1146412,36.732517,23.61722
2016-05-12,1.1782016,37.510292,24.12846
2016-05-13,2.5631058,37.404057,24.071198
2016-05-14,1.9385916,37.444874,24.230965
2016-05-15,2.891925,37.41267,24.42598
2016-05-16,3.6826487,37.09545,24.405342
2016-05-17,5.4249544,37.374096,24.548435
2016-05-18,6.4051986,37.36959,24.547943
2016-05-19,3.9594283,37.143307,24.994656
2016-05-20,3.6709511,36.880203,25.05096
2016-05-21,3.1899905,37.04987,24.922903
2016-05-22,3.272052,37.598312,24.75921
2016-05-23,0.9414276,37.400776,25.428799
2016-05-24,2.3393927,36.22002,23.79952
2016-05-25,2.6688197,36.523907,24.506084
2016-05-26,2.0385437,36.835934,23.919025
2016-05-27,1.7612808,36.897755,24.921919
2016-05-28,2.031219,36.84198,24.800838
2016-05-29,3.6190073,35.54605,23.520515
2016-05-30,2.4549181,35.4039,23.666481
2016-05-31,2.9716883,36.589767,23.994457
2016-06-01,1.9271568,37.236614,24.647095
2016-06-02,1.8495075,37.064934,25.100534
2016-06-03,1.201908,37.814922,25.359804
2016-06-04,2.5697517,37.40702,25.35744
2016-06-05,2.5866277,37.37841,25.32708
2016-06-06,3.3660362,36.904705,24.925808
2016-06-07,3.3659036,36.514004,24.900156
2016-06-08,4.9690166,35.92633,24.725138
2016-06-09,4.934592,35.991512,24.750692
2016-06-10,3.3729405,36.34055,25.089777
2016-06-11,2.6583762,36.11766,25.189957
2016-06-12,2.5268412,35.812527,24.804588
2016-06-13,5.3207026,35.56941,25.006052
2016-06-14,3.6756864,35.473656,24.825863
2016-06-15,2.514539,35.378857,25.315212
2016-06-16,3.9497592,35.05519,24.75507
2016-06-17,4.1368394,35.03435,24.701763
2016-06-18,5.307426,33.94287,24.490452
2016-06-19,5.7794204,33.972572,24.624527
2016-06-20,5.866271,34.205822,24.834518
2016-06-21,6.574428,33.675056,24.736206
2016-06-22,8.748865,33.305088,24.183147
2016-06-23,6.6491904,33.85118,24.124533
2016-06-24,7.8207493,34.138775,24.228788
2016-06-25,5.6463957,33.9575,24.509813
2016-06-26,6.499719,34.127144,24.41255
2016-06-27,6.4592695,33.766212,24.575819
2016-06-28,10.180924,32.582455,24.248947
2016-06-29,9.269405,33.158455,24.628351
2016-06-30,8.667487,33.524204,24.930418
2016-07-01,7.316081,33.298424,25.063944
2016-07-02,13.3525095,31.441605,24.114315
2016-07-03,14.630861,31.241943,23.939888
2016-07-04,15.344803,31.315664,23.991688
2016-07-05,12.108453,31.717237,24.185299
2016-07-06,11.836187,31.84158,23.793833
2016-07-07,7.8480396,32.086792,24.235231
2016-07-08,6.1848617,32.205864,24.585714
2016-07-09,9.603313,31.508957,24.17791
2016-07-10,11.352251,31.630156,24.063814
2016-07-11,12.514167,31.388842,24.166706
2016-07-12,11.83436,31.435066,24.253391
2016-07-13,9.08797,32.136955,24.213247
2016-07-14,5.046109,32.202156,24.501364
2016-07-15,6.720061,31.71173,24.384151
2016-07-16,12.608171,30.394382,23.856558
2016-07-17,13.936004,30.32247,23.567326
2016-07-18,11.6435995,30.574862,23.301672
2016-07-19,9.570123,30.9569,23.313301
2016-07-20,6.9914684,32.07546,23.731596
2016-07-21,7.2971725,31.897846,24.102293
2016-07-22,9.738281,31.059174,24.012451
2016-07-23,11.751978,31.325544,23.461008
2016-07-24,9.380541,31.81693,23.795103
2016-07-25,9.566539,31.966257,23.922216
2016-07-26,9.708238,31.574665,23.890366
2016-07-27,11.761485,30.067453,23.358786
2016-07-28,8.875462,30.867687,23.318678
2016-07-29,8.157967,30.866327,23.45921
2016-07-30,8.3770895,31.118843,23.487759
2016-07-31,9.3998995,31.359713,23.436367
2016-08-01,9.429436,30.939663,23.551142
2016-08-02,11.952123,30.601711,23.474928
2016-08-03,9.851824,31.127686,23.606522
2016-08-04,10.044686,31.458996,23.800674
2016-08-05,9.388784,31.450228,24.066015
2016-08-06,12.475397,30.71088,24.161125
2016-08-07,11.659941,30.391832,23.723454
2016-08-08,8.092452,31.143082,23.488884
2016-08-09,7.703314,31.13568,23.764374
2016-08-10,9.6259775,30.39705,23.55427
2016-08-11,7.9270277,31.02598,23.627525
2016-08-12,8.177712,31.269455,23.57122
2016-08-13,5.3119535,31.639492,23.803232
2016-08-14,4.5238414,31.783087,23.99723
2016-08-15,4.4108686,31.699282,23.71704
2016-08-16,6.425004,31.607788,23.407278
2016-08-17,6.2221637,31.346731,23.288315
2016-08-18,6.5002093,31.652592,23.165411
2016-08-19,6.422754,31.900368,23.54068
2016-08-20,5.8448763,32.022923,23.775589
2016-08-21,5.2034307,31.981636,23.595976
2016-08-22,6.5274677,31.34954,23.370035
2016-08-23,5.6477537,31.402933,23.30179
2016-08-24,5.2099648,31.87522,23.592289
2016-08-25,4.974255,31.904678,23.725044
2016-08-26,5.6230927,32.067528,23.508814
2016-08-27,6.1090546,31.941822,23.77788
2016-08-28,6.614084,32.30671,23.75364
2016-08-29,5.7396445,31.976442,23.840763
2016-08-30,6.1820498,31.444077,23.682425
2016-08-31,9.820104,30.872871,23.302649
2016-09-01,10.156595,30.92519,23.083775
2016-09-02,7.6083574,31.1085,23.000166
2016-09-03,6.1391354,31.194025,22.824883
2016-09-04,5.4423246,31.175253,22.834656
2016-09-05,5.2134,31.179321,22.7695
2016-09-06,4.180609,31.260162,22.613817
2016-09-07,3.2882822,31.254227,22.569921
2016-09-08,3.41114,31.772266,22.712765
2016-09-09,3.5283875,32.090313,23.119432
2016-09-10,3.8140702,31.730856,23.296453
2016-09-11,5.598175,31.361944,22.939032
2016-09-12,4.8296633,31.272612,22.619389
2016-09-13,5.27309,31.475368,22.60982
2016-09-14,5.8684087,31.509224,22.816753
2016-09-15,5.4711533,32.024376,22.937632
2016-09-16,5.322989,32.4161,23.02323
2016-09-17,5.576498,32.373646,23.153831
2016-09-18,4.652022,32.40234,23.11223
2016-09-19,4.990489,32.366257,23.109562
2016-09-20,3.665663,32.08766,23.225277
2016-09-21,7.3723655,31.401747,22.888218
2016-09-22,8.737711,31.106789,22.37461
2016-09-23,7.258628,31.244202,22.454845
2016-09-24,9.008468,31.076134,22.397238
2016-09-25,9.467942,31.106619,22.158836
2016-09-26,6.4720755,31.453142,22.337992
2016-09-27,4.326941,31.95356,22.547253
2016-09-28,4.0136366,32.223927,22.617994
2016-09-29,3.6500719,31.92572,22.488317
2016-09-30,3.1240258,31.879452,22.632854
2016-10-01,3.9245307,31.992973,22.828556
2016-10-02,3.3472092,32.407013,23.154167
2016-10-03,2.4829931,32.685837,23.103497
2016-10-04,2.4990792,32.442684,22.931662
2016-10-05,4.013007,31.759323,22.638657
2016-10-06,4.07068,31.584776,21.952938
2016-10-07,3.6971874,31.888891,22.169075
2016-10-08,4.2613645,31.4922,22.06966
2016-10-09,6.9632416,31.283577,21.828373
2016-10-10,4.3113384,31.591923,21.558863
2016-10-11,3.597096,31.536943,21.015905
2016-10-12,2.958429,31.40712,20.66305
2016-10-13,2.4990077,31.728611,19.899632
2016-10-14,1.4264212,32.100723,19.30539
2016-10-15,0.17853142,32.30336,19.046108
2016-10-16,0.11231127,32.39666,19.017935
2016-10-17,0.064693436,32.35726,18.883173
2016-10-18,0.051710956,32.49825,18.717985
2016-10-19,0.041402843,32.40654,18.485893
2016-10-20,0.06600848,32.169636,18.305056
2016-10-21,0.31602868,31.693224,18.153782
2016-10-22,0.21186475,31.921608,18.156416
2016-10-23,0.061377995,31.862934,18.182768
2016-10-24,0.09753811,31.471424,18.241837
2016-10-25,0.02688188,31.384024,18.284044
2016-10-26,0.16518614,31.580214,17.790169
2016-10-27,0.681922,31.255709,17.653101
2016-10-28,0.61897075,31.297976,17.348831
2016-10-29,0.4661016,31.191996,17.460777
2016-10-30,0.5735805,30.868975,17.34502
2016-10-31,0.8353149,30.897095,17.320599
2016-11-01,0.455486,30.716087,17.080072
2016-11-02,0.38528505,30.797596,16.907785
2016-11-03,0.5084325,30.765108,16.884272
2016-11-04,0.73223335,30.061146,16.847555
2016-11-05,0.91088265,29.59205,16.660938
2016-11-06,1.2574064,29.702179,15.907986
2016-11-07,1.1515063,29.795437,15.110717
2016-11-08,0.3980916,29.834595,14.532568
2016-11-09,0.08733304,30.059862,13.988328
2016-11-10,0.04807996,30.02057,14.00767
2016-11-11,0.032280594,29.843199,14.160595
2016-11-12,0.01599747,29.397833,14.466728
2016-11-13,0.079699986,29.369179,14.858457
2016-11-14,0.18122734,29.141825,15.023046
2016-11-15,0.2694573,28.989302,14.8588
2016-11-16,0.18000396,28.960266,14.707628
2016-11-17,0.16493745,28.851227,14.300379
2016-11-18,0.1526247,28.881498,13.643841
2016-11-19,0.012862075,28.964167,13.015068
2016-11-20,0.03752159,29.134325,13.104306
2016-11-21,0.016770916,29.21671,13.311943
2016-11-22,0.042515006,29.36942,13.0340805
2016-11-23,0.021753317,29.192974,13.108993
2016-11-24,0.012211819,28.897034,13.143764
2016-11-25,0.0,29.006847,13.227202
2016-11-26,0.00031493403,29.455725,13.424813
2016-11-27,0.0011889881,29.629549,13.231374
2016-11-28,0.0025939418,29.495272,13.192119
2016-11-29,0.0,29.024975,12.98091
2016-11-30,0.00042360046,28.53255,13.424249
2016-12-01,0.04047547,27.777811,13.758291
2016-12-02,0.9234634,27.505121,14.156999
2016-12-03,0.6520977,27.548372,14.655481
2016-12-04,0.36756784,27.693794,14.53187
2016-12-05,0.2122396,27.478807,13.615122
2016-12-06,0.057579145,27.32489,12.749197
2016-12-07,0.018361153,26.942717,12.179275
2016-12-08,0.0028366325,26.844322,12.135445
2016-12-09,0.03586136,26.850298,11.798308
2016-12-10,0.00037794295,26.585241,11.559928
2016-12-11,0.2930079,27.111683,12.006886
2016-12-12,0.15749708,26.855778,12.518209
2016-12-13,2.4241014,26.226116,12.939167
2016-12-14,0.6160081,26.037699,13.087961
2016-12-15,0.21105224,26.662825,12.712549
2016-12-16,0.06042954,26.604555,12.015775
2016-12-17,0.03051419,26.56224,11.752416
2016-12-18,0.0001451124,26.39955,11.376618
2016-12-19,0.0,26.35296,11.132197
2016-12-20,0.013731726,26.277637,11.116017
2016-12-21,0.07877699,27.05472,11.1072855
2016-12-22,0.0037528325,27.261196,10.686364
2016-12-23,5.5177985e-05,27.427046,10.952343
2016-12-24,0.00042360046,27.002449,11.206474
2016-12-25,0.12851395,26.309628,11.894031
2016-12-26,0.14428636,25.691505,11.442246
2016-12-27,0.34239507,25.939995,11.037894
2016-12-28,0.119209625,26.293285,11.014618
2016-12-29,0.08791262,26.455769,11.354829
2016-12-30,0.0,26.14111,11.3965
2016-12-31,0.0,26.044094,11.517104
2017-01-01,0.0056832824,25.439068,11.884939
2017-01-02,0.10377591,25.21387,11.762712
2017-01-03,0.16331857,25.106945,11.827535
2017-01-04,0.6782392,25.202696,11.237654
2017-01-05,0.46367493,25.550842,11.030933
2017-01-06,0.3284874,24.744705,11.208574
2017-01-07,1.9452391,23.972408,11.226622
2017-01-08,1.0711094,24.251694,11.049756
2017-01-09,0.06021109,24.115887,10.634809
2017-01-10,0.24068825,22.742699,10.364924
2017-01-11,0.1912084,22.755535,8.987066
2017-01-12,0.04006971,22.649092,8.099059
2017-01-13,0.0019540233,22.95736,7.912766
2017-01-14,0.0,22.987665,8.666007
2017-01-15,0.057118528,24.56772,9.648369
2017-01-16,0.7384543,24.144104,10.267037
2017-01-17,0.46481946,23.750872,9.768845
2017-01-18,0.43316197,24.292099,9.967627
2017-01-19,0.06742278,24.672056,10.162685
2017-01-20,0.0,25.014542,10.5385685
2017-01-21,0.19106765,25.39875,11.205371
2017-01-22,0.6015504,26.739208,11.98773
2017-01-23,0.027010264,27.244135,11.985585
2017-01-24,0.29857266,27.269468,12.698512
2017-01-25,1.5247511,26.992556,13.033253
2017-01-26,3.1768975,25.336866,13.677429
2017-01-27,3.6094332,24.59102,13.479671
2017-01-28,1.2352631,24.584558,12.31987
2017-01-29,0.64480364,25.73077,12.092482
2017-01-30,0.3679323,26.417166,11.777088
2017-01-31,0.39206186,26.613909,11.91419
2017-02-01,0.20017311,26.48128,12.23673
2017-02-02,0.03801911,26.703945,12.293366
2017-02-03,0.0065705203,27.2749,12.576132
2017-02-04,0.0,27.220722,13.118342
2017-02-05,2.0108752,27.360395,13.154044
2017-02-06,1.9074922,26.922249,12.163041
2017-02-07,0.024894984,26.789373,11.924226
2017-02-08,0.0057497714,27.394676,11.8853655
2017-02-09,0.048417136,27.234056,11.852754
2017-02-10,0.08191559,26.823225,12.130834
2017-02-11,0.13790146,26.753977,12.031502
2017-02-12,0.37604338,27.007088,12.305777
2017-02-13,0.00023041818,27.943678,12.856898
2017-02-14,0.040130325,28.48126,13.570857
2017-02-15,0.0072249398,29.089964,13.796215
2017-02-16,0.16230753,29.406,14.073207
2017-02-17,0.13919908,30.093239,14.659815
2017-02-18,0.29438043,30.724005,14.902688
2017-02-19,0.71387434,31.071045,15.455408
2017-02-20,0.588003,30.249483,15.9110775
2017-02-21,1.9798388,29.222887,15.562322
2017-02-22,1.6925874,29.486874,14.765958
2017-02-23,1.2932773,29.671501,14.267666
2017-02-24,0.30224696,29.355133,13.602595
2017-02-25,0.009038501,29.852625,13.426744
2017-02-26,0.0038375182,30.090246,13.620799
2017-02-27,0.026669228,30.498774,14.227641
2017-02-28,0.011479165,31.00953,14.874797
2017-03-01,0.24024953,30.9101,15.440782
2017-03-02,0.84968907,30.545675,15.749727
2017-03-03,0.67281526,30.39955,15.49475
2017-03-04,0.57739806,30.076288,15.4491005
2017-03-05,0.9139472,30.022709,15.50661
2017-03-06,0.9858802,30.29392,15.139704
2017-03-07,0.6818338,29.933847,15.474976
2017-03-08,1.6473043,28.95258,16.42529
2017-03-09,2.240647,28.867018,16.26734
2017-03-10,2.2611766,27.627947,16.327822
2017-03-11,4.1686015,26.459959,14.867275
2017-03-12,1.9603554,27.52077,13.339022
2017-03-13,0.64642996,28.560238,12.750292
2017-03-14,0.17214108,29.52868,13.539921
2017-03-15,0.41987807,30.217377,15.023699
2017-03-16,0.83819085,30.415644,15.428724
2017-03-17,0.668784,30.968529,15.930057
2017-03-18,0.9467131,30.80444,16.474747
2017-03-19,1.4580604,30.554821,16.693514
2017-03-20,0.66526765,30.95005,16.810112
2017-03-21,0.6877261,32.22971,16.825829
2017-03-22,0.4707112,33.181698,17.449217
2017-03-23,0.16583315,33.991806,18.463608
2017-03-24,0.05417736,34.570957,19.18015
2017-03-25,0.54239136,34.455803,19.284851
2017-03-26,0.20970319,35.025936,19.50647
2017-03-27,0.76018816,35.675995,20.239153
2017-03-28,0.20548835,35.709106,20.851013
2017-03-29,0.4120913,35.650032,21.330568
2017-03-30,1.8990936,35.6086,21.299145
2017-03-31,2.5121877,36.13274,21.28939
2017-04-01,2.0566535,35.622562,21.488869
2017-04-02,2.821851,35.47354,21.34495
2017-04-03,3.5361266,35.36788,21.409513
2017-04-04,2.4167855,34.396717,21.580318
2017-04-05,2.79891,33.857613,21.54118
2017-04-06,4.6423354,33.97093,21.411924
2017-04-07,2.7504692,34.13141,20.799057
2017-04-08,1.1919115,34.599922,19.875137
2017-04-09,1.0827173,34.83864,19.92356
2017-04-10,1.1037903,35.001244,19.462238
2017-04-11,0.3262881,36.14191,19.293823
2017-04-12,0.10498109,37.061832,19.73044
2017-04-13,0.036291253,37.494827,20.39144
2017-04-14,0.07822311,37.64761,21.254986
2017-04-15,0.13706726,37.537632,21.856659
2017-04-16,0.9263866,37.153255,21.959375
2017-04-17,0.33728397,37.797215,22.413795
2017-04-18,0.16250305,38.042942,22.959913
2017-04-19,0.71097744,37.302494,23.756039
2017-04-20,1.9813253,36.964664,23.36651
2017-04-21,1.5881029,36.658012,23.84968
2017-04-22,2.5274835,35.435917,23.42881
2017-04-23,2.0356114,35.375416,23.022587
2017-04-24,2.619967,35.343006,22.094282
2017-04-25,2.2485805,35.71101,22.347172
2017-04-26,3.2342796,36.227386,22.063597
2017-04-27,2.3213274,36.59574,22.243265
2017-04-28,1.6299305,36.796684,22.145254
2017-04-29,1.930724,36.118347,22.356668
2017-04-30,1.9483817,35.585823,22.193024
2017-05-01,2.6136363,35.433186,21.666328
2017-05-02,1.8041562,36.145287,21.646265
2017-05-03,0.81022215,36.3819,23.041107
2017-05-04,1.1659863,36.55291,23.113298
2017-05-05,1.107574,37.22864,23.121939
2017-05-06,1.6518449,37.690166,23.545912
2017-05-07,1.7387329,38.03115,23.542646
2017-05-08,1.1306763,38.168457,23.958935
2017-05-09,1.2883899,37.00767,24.119843
2017-05-10,2.3787358,36.63398,23.648432
2017-05-11,1.0947698,36.91405,23.958897
2017-05-12,0.9565605,37.60069,24.210995
2017-05-13,1.0282755,38.16088,24.813683
2017-05-14,1.507896,38.16368,25.058819
2017-05-15,1.9575069,38.071884,25.026966
2017-05-16,1.8631487,37.111225,24.877966
2017-05-17,1.2460349,36.60849,24.680197
2017-05-18,1.528064,37.54313,24.202698
2017-05-19,3.0513465,37.724037,24.460752
2017-05-20,1.7172607,37.50561,24.465372
2017-05-21,2.7507203,36.537125,24.098608
2017-05-22,2.0341847,36.33494,23.891197
2017-05-23,1.6749853,37.333683,24.517467
2017-05-24,1.8779503,37.826057,24.891142
2017-05-25,2.669038,38.252815,25.401503
2017-05-26,2.018939,38.12047,25.682283
2017-05-27,4.096608,37.040985,24.67582
2017-05-28,1.1702816,36.841408,24.866772
2017-05-29,2.5212054,35.463753,23.614637
2017-05-30,1.9851222,35.40742,24.257862
2017-05-31,5.8186755,36.553513,24.217417
2017-06-01,3.7284093,35.878906,24.099405
2017-06-02,4.1721144,36.610306,24.596457
2017-06-03,4.7562776,38.021885,25.074532
2017-06-04,4.0797734,38.236797,25.760271
2017-06-05,1.3641976,37.554535,26.569685
2017-06-06,3.6677213,35.968113,25.352743
2017-06-07,6.2171736,33.883327,23.785118
2017-06-08,4.556268,34.03606,23.87989
2017-06-09,3.7890031,34.4323,23.948044
2017-06-10,4.722115,34.7212,23.818851
2017-06-11,5.85495,33.9265,23.662737
2017-06-12,5.3974876,34.57635,23.98756
2017-06-13,7.3517923,34.78443,24.167084
2017-06-14,3.860031,35.637474,24.543959
2017-06-15,2.9016528,35.003345,24.472332
2017-06-16,6.3530993,33.631603,23.793852
2017-06-17,6.111538,34.17329,24.148922
2017-06-18,4.33043,34.940098,24.41366
2017-06-19,5.5636444,34.280125,24.793825
2017-06-20,6.110904,33.16544,24.208519
2017-06-21,6.700942,32.789852,23.155312
2017-06-22,6.904568,33.23969,23.18702
2017-06-23,4.610545,34.031216,23.561995
2017-06-24,4.5416,34.29147,24.334993
2017-06-25,6.966715,34.104958,24.842756
2017-06-26,7.96268,33.543034,24.664263
2017-06-27,8.3296385,33.0579,24.626467
2017-06-28,8.46738,31.531065,24.049887
2017-06-29,11.000359,31.574852,23.779787
2017-06-30,10.723176,31.621975,23.977354
2017-07-01,11.620889,31.711823,23.871649
2017-07-02,12.18536,31.616938,24.104958
2017-07-03,9.583604,31.877506,23.99183
2017-07-04,9.34382,31.968382,24.135113
2017-07-05,9.210744,32.04028,23.95296
2017-07-06,6.438271,32.12881,23.989586
2017-07-07,5.37204,32.520267,24.02088
2017-07-08,4.291436,33.15776,24.299807
2017-07-09,7.1559415,32.571507,24.643007
2017-07-10,10.989471,31.776375,24.199568
2017-07-11,11.149915,30.867746,23.774775
2017-07-12,8.7071295,30.544622,23.512297
2017-07-13,8.335289,31.018267,23.455101
2017-07-14,9.6709385,31.255705,23.594864
2017-07-15,9.701721,31.665638,24.02927
2017-07-16,10.1150675,31.979372,24.034004
2017-07-17,8.566027,31.560001,23.95805
2017-07-18,11.596625,31.803753,24.16737
2017-07-19,13.435204,31.995907,24.13527
2017-07-20,11.213622,31.278477,23.940334
2017-07-21,10.99796,31.731277,23.956495
2017-07-22,10.214301,31.434072,24.12801
2017-07-23,11.834477,31.031475,23.919474
2017-07-24,13.301864,30.576109,23.652443
2017-07-25,11.846662,30.760855,23.484144
2017-07-26,8.391222,30.947052,23.71915
2017-07-27,7.790389,31.103825,23.709288
2017-07-28,7.7444963,31.837296,23.796179
2017-07-29,9.208105,31.573792,23.953224
2017-07-30,5.723986,31.67933,23.917421
2017-07-31,5.5449996,31.770002,23.972351
2017-08-01,6.212111,32.03578,24.0296
2017-08-02,5.933648,31.340666,23.939667
2017-08-03,6.250159,31.629362,23.854834
2017-08-04,6.497988,31.588451,23.942114
2017-08-05,5.593927,31.73277,24.162638
2017-08-06,5.4817796,32.25329,24.18962
2017-08-07,5.514099,31.890718,24.485088
2017-08-08,8.612121,31.634304,24.22933
2017-08-09,9.07786,31.126211,23.966099
2017-08-10,11.297251,31.079426,23.678782
2017-08-11,11.583202,31.153368,23.857473
2017-08-12,12.977325,30.489614,23.504604
2017-08-13,9.410014,30.832325,23.342064
2017-08-14,8.148518,31.086914,23.174543
2017-08-15,4.787495,32.029644,23.507975
2017-08-16,3.8705926,32.23175,23.594528
2017-08-17,4.1031523,32.30071,23.662226
2017-08-18,5.220971,31.607262,23.77703
2017-08-19,7.46742,31.007925,23.746996
2017-08-20,9.769835,31.295359,23.667315
2017-08-21,7.7307267,31.95565,23.654911
2017-08-22,5.244212,32.076756,23.785635
2017-08-23,3.9231536,32.504253,23.751453
2017-08-24,6.2932644,31.861658,23.621822
2017-08-25,8.259395,31.26119,23.33475
2017-08-26,7.591072,31.620249,23.378317
2017-08-27,8.19222,31.560333,23.404963
2017-08-28,10.116057,30.667627,23.375341
2017-08-29,12.114268,30.60935,23.400373
2017-08-30,8.894603,31.438986,23.47357
2017-08-31,5.7195864,31.52057,23.493338
2017-09-01,7.569554,30.629385,23.05201
2017-09-02,8.470532,30.800957,22.874018
2017-09-03,5.3402143,31.75018,22.872156
2017-09-04,3.7551084,32.25705,23.21502
2017-09-05,3.4448624,32.49186,23.321726
2017-09-06,3.7607386,32.273235,23.17824
2017-09-07,3.1540608,32.587452,23.129742
2017-09-08,4.7968073,32.652977,23.079258
2017-09-09,4.8926845,32.582424,23.555923
2017-09-10,6.1963935,32.650597,23.672651
2017-09-11,3.3248224,32.718918,23.624262
2017-09-12,4.0690894,32.9309,23.378342
2017-09-13,5.690432,32.54821,23.23295
2017-09-14,5.392877,32.358128,23.230326
2017-09-15,4.66523,32.353203,23.002901
2017-09-16,3.5047934,32.678883,23.21373
2017-09-17,5.2155676,32.251514,23.420286
2017-09-18,7.804119,32.091816,22.430727
2017-09-19,5.8020444,32.48712,22.753807
2017-09-20,7.1886764,31.62462,22.752155
2017-09-21,8.233039,31.226992,22.586298
2017-09-22,7.8181696,31.172894,22.666763
2017-09-23,5.8555217,31.66563,22.532614
2017-09-24,3.5301964,32.30286,22.683352
2017-09-25,3.132182,32.537037,22.680576
2017-09-26,2.2107973,33.00115,22.471996
2017-09-27,2.3588254,33.126366,22.705519
2017-09-28,3.4685285,32.978764,22.614773
2017-09-29,6.0773296,32.424816,22.19962
2017-09-30,5.453303,32.56853,22.009758
2017-10-01,4.1232734,32.69093,22.09861
2017-10-02,5.2365656,32.616974,21.759945
2017-10-03,3.9818828,32.92876,21.616875
2017-10-04,2.0247421,33.19221,21.634954
2017-10-05,2.3340042,33.369797,21.850164
2017-10-06,2.8730896,33.305573,22.211264
2017-10-07,3.9714801,33.237514,21.960447
2017-10-08,3.4053607,33.117535,21.831963
2017-10-09,4.1431108,32.714695,21.763083
2017-10-10,5.556362,32.532345,21.679424
2017-10-11,4.7432666,32.643074,21.899755
2017-10-12,3.2414954,32.62026,22.037132
2017-10-13,3.1867874,32.7352,21.927362
2017-10-14,4.458328,32.680717,21.453398
2017-10-15,3.798112,33.047134,20.76587
2017-10-16,2.300917,33.119785,20.296328
2017-10-17,0.45691824,33.16316,19.821323
2017-10-18,0.33639544,33.021038,19.636513
2017-10-19,0.8527369,32.70287,19.865152
2017-10-20,3.851173,31.970741,20.58149
2017-10-21,5.5512705,31.563663,20.295755
2017-10-22,4.616594,31.866869,19.752308
2017-10-23,0.7670039,32.050446,19.477745
2017-10-24,0.969786,32.060776,18.663868
2017-10-25,0.42905477,31.894163,18.314947
2017-10-26,0.36596572,31.584002,18.211138
2017-10-27,0.44560272,31.343084,18.260712
2017-10-28,0.6676921,31.142897,17.813238
2017-10-29,0.1718974,30.89333,17.771502
2017-10-30,1.2113098,29.961813,17.656773
2017-10-31,2.1637237,29.861591,16.647442
2017-11-01,0.80070853,30.019474,16.796898
2017-11-02,0.48641145,30.031157,16.591848
2017-11-03,0.70161396,30.007812,16.427671
2017-11-04,0.5544908,29.988026,16.532936
2017-11-05,1.0947907,30.066187,16.895624
2017-11-06,1.2962991,30.158176,16.664417
2017-11-07,0.757429,30.021013,16.284235
2017-11-08,0.5648774,29.850939,16.255281
2017-11-09,0.39236128,29.689573,15.818218
2017-11-10,0.047021605,29.545664,15.377438
2017-11-11,0.20873302,29.294382,15.079425
2017-11-12,0.028203221,28.944635,14.609347
2017-11-13,0.1557591,28.974064,14.737541
2017-11-14,0.24074255,28.197721,15.134474
2017-11-15,0.52850413,27.711422,15.584641
2017-11-16,1.3583,27.135015,16.004953
2017-11-17,0.8097515,27.336916,16.325096
2017-11-18,0.6661859,27.864145,16.469254
2017-11-19,0.57838666,27.865858,16.14851
2017-11-20,0.5497883,28.188707,15.838171
2017-11-21,0.36487007,27.442787,15.085724
2017-11-22,0.2500198,27.60937,14.455958
2017-11-23,0.41271544,27.744152,13.636639
2017-11-24,0.05745818,27.949821,12.95347
2017-11-25,0.004235226,27.96324,12.951908
2017-11-26,0.0561716,28.105816,12.663171
2017-11-27,0.6218516,28.051805,12.582053
2017-11-28,0.742109,27.772665,12.462445
2017-11-29,0.15313281,27.693914,12.515853
2017-11-30,0.65073043,27.346512,12.610994
2017-12-01,2.0209389,26.803995,12.577101
2017-12-02,1.6817731,26.64315,12.513579
2017-12-03,0.39845288,26.42769,12.520138
2017-12-04,0.03120016,25.985779,12.4519615
2017-12-05,0.1571096,25.030851,13.14163
2017-12-06,0.7914174,25.381624,13.425869
2017-12-07,0.24118276,26.14809,13.296701
2017-12-08,0.16552573,27.053186,13.381605
2017-12-09,0.67137885,26.978142,13.24649
2017-12-10,1.1348748,26.814306,13.78075
2017-12-11,0.993269,26.127626,13.854323
2017-12-12,2.9098687,25.628479,13.727278
2017-12-13,0.95621395,25.30401,13.212061
2017-12-14,0.3943082,25.074467,13.084314
2017-12-15,0.022120722,24.960585,12.622898
2017-12-16,0.05722612,24.998049,12.14585
2017-12-17,0.00021332473,25.320004,11.6403885
2017-12-18,0.007048984,25.50387,11.470014
2017-12-19,0.0,25.72352,11.218029
2017-12-20,0.17526668,25.733711,11.918321
2017-12-21,0.15848666,25.987938,11.887408
2017-12-22,0.16549295,25.882708,12.055362
2017-12-23,0.003835668,25.86684,11.734953
2017-12-24,3.3685406e-05,26.050335,10.882256
2017-12-25,0.009609763,25.803762,10.847416
2017-12-26,0.01623389,25.74615,10.935768
2017-12-27,0.0,26.115355,10.505528
2017-12-28,0.003688347,26.170279,10.107967
2017-12-29,0.0,26.020445,10.185221
2017-12-30,0.0016906788,25.431908,10.274564
2017-12-31,0.0,25.28473,10.313198
2018-01-01,0.006321785,24.299555,10.382574
2018-01-02,0.055043507,23.903263,10.449815
2018-01-03,0.2057505,23.477074,9.989037
2018-01-04,0.12342886,23.522766,9.452988
2018-01-05,0.007578206,23.543324,9.262179
2018-01-06,0.15746799,23.19139,9.036238
2018-01-07,0.16557996,23.17802,8.738551
2018-01-08,0.034699973,23.555815,8.247205
2018-01-09,3.3803557e-05,24.049364,8.654192
2018-01-10,0.14199488,24.498215,9.434344
2018-01-11,0.102048054,24.792553,10.131364
2018-01-12,0.008906639,25.33236,10.997804
2018-01-13,0.0006042565,25.758242,11.120122
2018-01-14,0.0,26.206608,11.265016
2018-01-15,0.006134943,26.122849,11.171716
2018-01-16,0.014903895,26.600445,10.66541
2018-01-17,0.004427114,25.894426,11.11254
2018-01-18,0.026769202,26.172647,10.724096
2018-01-19,0.0,26.286697,10.512998
2018-01-20,0.0,26.17478,10.481475
2018-01-21,0.0,26.265358,10.201704
2018-01-22,0.0,26.30493,10.276363
2018-01-23,0.010299764,25.111023,11.330368
2018-01-24,0.94058174,24.91568,11.009029
2018-01-25,0.3134915,24.694822,10.268801
2018-01-26,0.060639523,24.771143,9.868118
2018-01-27,0.21726163,24.577559,9.888702
2018-01-28,0.04569306,25.215927,9.756089
2018-01-29,7.8579746e-05,26.061398,9.991768
2018-01-30,0.07729627,26.81321,10.723022
2018-01-31,0.04612371,27.371042,11.253122
2018-02-01,0.14518173,27.878302,11.36875
2018-02-02,0.008609003,27.732513,11.500441
2018-02-03,0.028497744,27.280073,11.662284
2018-02-04,0.24548885,27.090168,11.678506
2018-02-05,0.11649696,26.744558,11.959705
2018-02-06,0.07521981,26.701204,12.811966
2018-02-07,0.07773411,25.745167,13.264043
2018-02-08,0.59805894,27.043478,12.377724
2018-02-09,0.25942427,27.033781,12.145901
2018-02-10,0.30736268,26.77686,12.549675
2018-02-11,0.04540636,26.482527,13.013069
2018-02-12,1.5045793,25.400354,13.364918
2018-02-13,2.517848,26.16425,13.240482
2018-02-14,0.59963036,26.479126,13.269121
2018-02-15,0.32576117,27.309855,12.906939
2018-02-16,0.024861265,28.12735,12.779956
2018-02-17,0.0,28.570131,13.1493025
2018-02-18,0.07085512,29.116243,13.358712
2018-02-19,0.34452048,29.45827,13.541181
2018-02-20,0.02530465,29.813128,14.149314
2018-02-21,0.13292286,30.236336,14.611704
2018-02-22,0.07342024,30.617432,14.763328
2018-02-23,0.29236934,30.615765,15.365685
2018-02-24,0.14683245,30.358225,16.087696
2018-02-25,1.1298236,30.57884,15.924242
2018-02-26,0.41347036,30.223845,15.692485
2018-02-27,0.6206431,31.22359,15.773459
2018-02-28,0.00071563025,31.603477,16.0082
2018-03-01,0.04670252,31.723963,16.6827
2018-03-02,0.58163476,31.897747,16.780668
2018-03-03,1.7852769,31.178417,16.804907
2018-03-04,1.1919291,31.132898,16.651316
2018-03-05,0.84645927,30.757765,16.410444
2018-03-06,0.7885884,31.121616,15.969262
2018-03-07,0.6376552,31.43519,15.733101
2018-03-08,0.0022310917,31.58159,15.812807
2018-03-09,0.021320188,31.81327,16.434187
2018-03-10,0.09288746,32.263226,16.558443
2018-03-11,0.054157555,32.20759,16.908625
2018-03-12,0.03657869,32.513893,16.989328
2018-03-13,0.35810143,32.963097,17.369247
2018-03-14,0.793933,32.59244,17.684818
2018-03-15,0.8045875,31.271925,18.847876
2018-03-16,2.543265,30.482212,18.183054
2018-03-17,2.556769,31.122774,17.041819
2018-03-18,1.2352723,32.04526,17.08674
2018-03-19,0.38504207,32.91212,17.485912
2018-03-20,0.13193062,33.19315,17.79619
2018-03-21,0.08756102,32.18797,18.434584
2018-03-22,0.6867775,32.477997,17.971203
2018-03-23,0.58230114,32.904083,17.953894
2018-03-24,0.27530053,33.55115,18.278708
2018-03-25,0.08382319,33.984783,18.617723
2018-03-26,0.21226147,34.616695,18.661402
2018-03-27,0.4574016,34.90518,18.551376
2018-03-28,0.08289135,35.450825,18.936052
2018-03-29,0.11020716,35.44662,19.573597
2018-03-30,0.495061,35.20834,19.707304
2018-03-31,0.83634436,34.714256,19.585482
2018-04-01,0.4280056,34.762917,19.766094
2018-04-02,1.1307639,34.723053,19.612925
2018-04-03,0.481777,35.029896,20.404387
2018-04-04,0.40892008,35.559944,20.65163
2018-04-05,0.6036573,34.855858,20.94678
2018-04-06,1.0493944,34.531055,21.133081
2018-04-07,1.026454,34.426426,20.578384
2018-04-08,2.0940115,33.55419,20.505814
2018-04-09,1.8523494,33.714573,20.721626
2018-04-10,2.1477273,33.394882,20.682371
2018-04-11,2.6888742,33.158466,20.69996
2018-04-12,2.5066636,33.29556,20.164236
2018-04-13,2.7458498,34.208584,20.131071
2018-04-14,1.9692658,34.95552,20.832588
2018-04-15,1.6406891,35.529522,21.394716
2018-04-16,0.76493204,35.774456,22.061857
2018-04-17,0.88709664,36.14572,22.421255
2018-04-18,1.0087272,35.923622,21.90052
2018-04-19,1.4641114,35.978878,22.0056
2018-04-20,1.5920732,34.806744,22.400581
2018-04-21,3.2658951,34.69156,21.615824
2018-04-22,1.8099575,35.087677,21.275454
2018-04-23,1.3875153,35.908764,21.130592
2018-04-24,0.55967164,36.746033,20.682367
2018-04-25,0.73991984,37.22274,21.268759
2018-04-26,0.39345604,36.806705,22.241943
2018-04-27,0.52273446,36.952904,22.453182
2018-04-28,0.51235145,37.060772,23.2426
2018-04-29,1.0783943,36.548492,23.275652
2018-04-30,1.8164334,36.570152,22.927322
2018-05-01,2.371418,36.221195,22.866386
2018-05-02,1.5219318,35.955017,23.470007
2018-05-03,3.1163795,34.68271,21.855688
2018-05-04,2.793229,35.234562,22.15775
2018-05-05,1.7049114,36.242676,23.269735
2018-05-06,1.7198068,36.032604,23.954287
2018-05-07,2.0461414,36.46397,23.501871
2018-05-08,2.536016,35.55782,23.16091
2018-05-09,3.4013271,36.376553,22.850847
2018-05-10,2.806689,36.533054,22.989832
2018-05-11,1.91388,37.456295,23.383377
2018-05-12,1.2337315,37.188644,24.121561
2018-05-13,1.6292464,36.53909,23.698118
2018-05-14,3.2679667,35.10625,22.647535
2018-05-15,1.8675692,35.599487,22.96469
2018-05-16,1.5512094,36.28228,23.548674
2018-05-17,1.3227125,36.909176,23.68365
2018-05-18,1.430511,36.783398,24.189745
2018-05-19,1.3489566,37.163715,24.252882
2018-05-20,1.6879832,37.321823,24.293137
2018-05-21,1.4065335,37.731426,24.235115
2018-05-22,1.2701893,38.155956,24.848507
2018-05-23,1.8923448,37.555367,24.919209
2018-05-24,2.8728843,37.458996,24.737242
2018-05-25,3.5252364,37.444256,24.415983
2018-05-26,3.395481,38.007862,24.528994
2018-05-27,2.9388034,38.06406,24.76382
2018-05-28,2.318683,38.31927,25.066551
2018-05-29,2.6578698,37.763786,24.797054
2018-05-30,2.0172741,37.408722,25.299648
2018-05-31,1.3712497,37.22852,25.224977
2018-06-01,2.3648782,36.889076,25.165356
2018-06-02,3.772251,35.902683,24.103527
2018-06-03,2.8970857,36.79237,24.524412
2018-06-04,3.019472,36.865402,25.210371
2018-06-05,2.0275307,37.27486,25.927853
2018-06-06,3.170835,36.25186,25.149284
2018-06-07,4.15016,36.282867,25.105782
2018-06-08,5.7094383,35.124065,25.38504
2018-06-09,5.999476,34.286766,24.537819
2018-06-10,7.0009584,34.57521,24.363424
2018-06-11,6.34891,35.15956,24.787369
2018-06-12,7.0810633,35.55874,25.067574
2018-06-13,6.2673388,35.67457,25.161438
2018-06-14,6.1520767,35.328762,25.233795
2018-06-15,4.61501,35.267265,25.28006
2018-06-16,3.7653704,34.817436,24.729723
2018-06-17,3.6407666,34.578285,24.621403
2018-06-18,3.1585493,34.97393,24.329731
2018-06-19,2.3964458,35.932846,24.440044
2018-06-20,3.0524597,36.2621,24.99334
2018-06-21,3.9988456,35.95466,25.439938
2018-06-22,5.345668,35.171127,24.897491
2018-06-23,6.0240993,34.63757,24.757006
2018-06-24,5.4794717,34.603973,24.5074
2018-06-25,5.719343,34.70588,24.882246
2018-06-26,9.411828,33.02919,24.224829
2018-06-27,8.663533,31.415142,23.591463
2018-06-28,12.401036,30.66477,23.278482
2018-06-29,10.224943,31.358452,23.302198
2018-06-30,5.8523808,32.68322,23.594547
2018-07-01,6.0905247,32.85902,24.142906
2018-07-02,9.034873,32.711697,24.271467
2018-07-03,10.303362,31.591373,23.654392
2018-07-04,8.923886,31.399014,23.545168
2018-07-05,7.4765544,32.33535,23.652927
2018-07-06,6.068495,33.203342,23.952068
2018-07-07,7.4221773,33.21373,24.29802
2018-07-08,7.8394628,33.354397,24.516577
2018-07-09,7.453931,33.08739,24.864117
2018-07-10,8.55134,32.510952,24.606651
2018-07-11,8.941707,31.763186,24.338339
2018-07-12,10.61062,31.439249,24.034416
2018-07-13,11.850681,30.966337,23.980158
2018-07-14,9.552438,31.632824,23.955498
2018-07-15,10.665892,31.567636,24.104528
2018-07-16,12.457077,31.099104,24.416443
2018-07-17,13.446801,31.23951,24.009647
2018-07-18,9.380821,31.707277,24.279299
2018-07-19,6.3863397,32.031754,24.391714
2018-07-20,7.7073607,31.619476,24.348993
2018-07-21,10.796554,30.865837,23.951542
2018-07-22,12.922211,30.179552,23.935287
2018-07-23,9.977496,30.441982,23.943287
2018-07-24,8.916611,30.82625,23.920885
2018-07-25,7.627874,30.663687,23.991764
2018-07-26,11.689148,29.69274,23.713974
2018-07-27,7.5716534,30.01442,23.473354
2018-07-28,5.9802413,30.87153,23.621902
2018-07-29,5.993871,31.25492,23.686771
2018-07-30,6.340429,31.44934,23.614712
2018-07-31,6.522159,31.242758,23.473476
2018-08-01,6.331856,31.337553,23.279451
2018-08-02,6.5384936,31.456638,23.46381
2018-08-03,4.8075275,31.600431,23.638832
2018-08-04,3.3765392,32.067513,23.798307
2018-08-05,4.337074,31.652836,24.129412
2018-08-06,5.5586557,30.823679,23.961086
2018-08-07,6.5234065,30.385391,23.470503
2018-08-08,9.775517,30.15219,23.451904
2018-08-09,7.2830977,31.794983,23.65281
2018-08-10,4.0260377,31.92644,24.053755
2018-08-11,5.842572,31.1803,24.107819
2018-08-12,10.750281,30.251755,23.647255
2018-08-13,11.269182,30.375965,23.587755
2018-08-14,7.9319434,31.159866,23.660765
2018-08-15,8.1069,30.998371,23.794754
2018-08-16,13.95338,30.97369,23.684633
2018-08-17,10.568759,31.55559,24.001623
2018-08-18,6.079472,31.70883,23.97912
2018-08-19,6.184,31.574715,23.83598
2018-08-20,9.988504,30.79766,23.703152
2018-08-21,12.754446,30.798695,23.561127
2018-08-22,8.218041,30.812107,23.472065
2018-08-23,6.2679653,30.673243,23.525845
2018-08-24,7.106479,30.621725,23.577623
2018-08-25,7.530463,30.48179,23.14216
2018-08-26,7.6726556,30.410378,23.052298
2018-08-27,7.654136,30.492311,23.200865
2018-08-28,6.5444026,30.92577,23.310278
2018-08-29,6.5882535,30.98903,23.337038
2018-08-30,4.995189,31.46859,23.416912
2018-08-31,6.10719,30.90368,23.392353
2018-09-01,7.552821,30.647978,23.012148
2018-09-02,7.118703,30.208387,22.921024
2018-09-03,5.9503655,30.503336,22.74553
2018-09-04,4.5233183,31.12458,22.752945
2018-09-05,3.769127,31.119627,22.866657
2018-09-06,6.828927,30.958998,22.775545
2018-09-07,7.7426763,30.414375,22.61765
2018-09-08,5.639415,30.824945,22.373102
2018-09-09,3.272534,31.250929,22.457005
2018-09-10,4.2795506,31.160536,22.583588
2018-09-11,3.8420534,31.613253,22.522587
2018-09-12,4.4831123,31.552174,22.58193
2018-09-13,3.9882624,31.700546,22.402767
2018-09-14,3.9329948,32.03396,22.129772
2018-09-15,2.1079931,32.182484,22.409983
2018-09-16,1.8322104,32.416183,22.333797
2018-09-17,2.3466406,32.42378,22.216257
2018-09-18,1.8874543,33.06635,22.037935
2018-09-19,1.56359,32.95702,22.343994
2018-09-20,2.1105015,32.429157,22.281548
2018-09-21,6.59055,31.381596,22.473454
2018-09-22,8.591032,30.248976,22.040346
2018-09-23,8.0967045,30.484037,22.002804
2018-09-24,8.2668,31.179821,22.045023
2018-09-25,4.7496552,31.9798,21.992006
2018-09-26,2.9186995,32.4034,21.912807
2018-09-27,2.6929443,32.79859,21.88148
2018-09-28,1.8128394,33.08274,21.816488
2018-09-29,2.189154,33.049843,21.65494
2018-09-30,1.286487,33.357788,21.494116
2018-10-01,1.0731462,33.581707,21.359251
2018-10-02,1.4637489,33.47439,21.411474
2018-10-03,0.9907677,33.585003,21.391724
2018-10-04,1.7488458,32.900005,21.14253
2018-10-05,1.843203,32.86432,20.961596
2018-10-06,1.3300717,33.1955,20.633121
2018-10-07,0.92966026,33.311714,20.412786
2018-10-08,1.0980253,33.294136,20.181957
2018-10-09,1.951397,32.83122,20.03323
2018-10-10,0.6147347,31.94778,20.018051
2018-10-11,3.552983,30.807346,20.110872
2018-10-12,5.6790237,30.646461,19.727999
2018-10-13,2.558953,31.286398,19.468185
2018-10-14,1.2095002,31.895395,19.19352
2018-10-15,1.5790344,32.109802,18.77348
2018-10-16,0.8536548,32.02939,18.83355
2018-10-17,2.4565563,31.932045,18.90575
2018-10-18,1.5332448,31.753292,18.961222
2018-10-19,1.0901502,32.11399,18.772127
2018-10-20,0.5869269,32.19841,18.664232
2018-10-21,0.47256714,32.32645,18.523903
2018-10-22,0.37875447,32.061676,17.902729
2018-10-23,0.26718414,32.028374,17.531275
2018-10-24,0.22298294,31.79152,17.437803
2018-10-25,0.3050178,31.77664,17.294199
2018-10-26,0.12693268,31.810047,17.286325
2018-10-27,0.025073588,31.844433,16.869547
2018-10-28,0.35759622,31.034132,16.845428
2018-10-29,0.13389982,30.936218,16.784248
2018-10-30,0.1291249,30.743368,16.603739
2018-10-31,0.16833848,31.053007,17.1446
2018-11-01,0.4989924,31.088472,17.639214
2018-11-02,1.3243619,30.87566,17.963404
2018-11-03,2.0188577,30.384808,18.301346
2018-11-04,2.493016,29.969961,18.259932
2018-11-05,1.0404404,29.704103,17.658262
2018-11-06,0.58949625,29.474926,17.21583
2018-11-07,0.26761985,29.438496,15.559321
2018-11-08,0.17411855,29.586603,14.6748085
2018-11-09,0.1932361,29.90468,14.901202
2018-11-10,0.06751763,30.202234,14.784025
2018-11-11,0.066290066,30.150179,14.827342
2018-11-12,0.007979294,29.980497,14.734492
2018-11-13,0.15706992,29.897999,15.048785
2018-11-14,0.35072142,29.543203,15.434714
2018-11-15,1.2379048,29.283125,15.211345
2018-11-16,1.5011208,28.616053,15.353895
2018-11-17,1.8172164,29.048204,15.054539
2018-11-18,0.60310036,29.590778,15.162212
2018-11-19,0.72717667,29.63628,15.993218
2018-11-20,0.68155444,29.269226,15.634421
2018-11-21,0.53992903,29.207457,15.446077
2018-11-22,1.1780435,28.91399,15.119473
2018-11-23,0.95193243,28.701513,14.741998
2018-11-24,1.104207,28.689821,14.165664
2018-11-25,0.18561785,28.905853,13.51385
2018-11-26,0.020184325,28.755516,13.523887
2018-11-27,0.0,28.33052,13.387459
2018-11-28,0.0,28.311571,13.927899
2018-11-29,0.15355837,27.986502,13.611282
2018-11-30,0.39805496,27.763828,13.449531
2018-12-01,0.033646908,27.239489,13.047714
2018-12-02,0.0006998025,27.066992,12.467484
2018-12-03,0.0028734673,26.7243,12.707323
2018-12-04,0.2753827,26.58977,12.88536
2018-12-05,0.4040458,26.490889,13.363837
2018-12-06,0.45687976,26.697378,13.128078
2018-12-07,0.117312506,26.611212,12.832716
2018-12-08,0.05569661,26.671122,12.583297
2018-12-09,0.0071978667,26.569834,12.329121
2018-12-10,0.13259235,25.798935,12.9290285
2018-12-11,0.51243216,25.772558,12.666529
2018-12-12,0.2218341,25.165718,12.715413
2018-12-13,0.49791828,24.667149,12.209208
2018-12-14,0.2931775,24.690857,11.94608
2018-12-15,0.011755103,24.670135,11.495076
2018-12-16,0.0017741432,24.04275,11.074289
2018-12-17,1.7222391,22.923336,11.150129
2018-12-18,5.860919,22.654617,10.84002
2018-12-19,1.9563323,24.092999,10.205318
2018-12-20,0.042324796,24.843613,9.737199
2018-12-21,0.0010613638,25.007391,10.022641
2018-12-22,0.032364205,25.077564,9.858919
2018-12-23,0.12824813,25.321264,10.292292
2018-12-24,0.13265905,25.132504,10.220436
2018-12-25,0.11390836,25.043486,10.292521
2018-12-26,0.017821463,24.567297,10.117303
2018-12-27,0.018935872,23.9399,9.780977
2018-12-28,0.05725124,23.239101,9.012147
2018-12-29,0.308856,23.4895,8.115911
2018-12-30,0.050321624,24.350317,8.332062
2018-12-31,0.0012040244,24.960613,8.228371
2019-01-01,0.0,24.968493,8.1287155
2019-01-02,0.113438,25.182869,8.920634
2019-01-03,0.13283405,25.098465,8.957287
2019-01-04,0.17529947,24.421892,9.202877
2019-01-05,0.98577875,24.673964,10.147102
2019-01-06,0.44843552,24.107985,10.357046
2019-01-07,0.28062004,23.842598,9.692895
2019-01-08,0.04663836,24.05625,9.535317
2019-01-09,0.13564648,24.106789,8.985659
2019-01-10,0.09412968,24.19486,8.932682
2019-01-11,0.12961794,24.801199,9.786397
2019-01-12,0.1899674,24.918976,10.299638
2019-01-13,0.5682999,24.66413,10.648031
2019-01-14,0.024165286,24.17238,10.18107
2019-01-15,0.004732271,24.10515,9.237311
2019-01-16,0.00092468987,25.022518,9.009626
2019-01-17,0.3313204,25.49342,9.323919
2019-01-18,0.0,25.52259,9.626042
2019-01-19,0.25829566,26.215454,10.142006
2019-01-20,0.112478286,27.085184,10.550558
2019-01-21,0.5826933,26.085558,11.408473
2019-01-22,2.8188224,24.546303,11.772216
2019-01-23,1.7881147,24.548576,11.323123
2019-01-24,0.39047024,24.264872,11.208317
2019-01-25,1.1108214,23.036724,11.547413
2019-01-26,1.4398332,22.356066,11.114409
2019-01-27,0.6757072,22.476318,11.170207
2019-01-28,0.7771871,22.445625,10.201864
2019-01-29,0.3745105,22.881948,9.311226
2019-01-30,0.21460259,23.666979,8.778363
2019-01-31,0.42705536,24.985699,9.991145
2019-02-01,0.9412299,24.546783,10.829493
2019-02-02,0.17213894,25.121643,10.584498
2019-02-03,0.0,25.838463,11.1640215
2019-02-04,0.0,26.451761,11.551934
2019-02-05,0.0079033645,27.071203,12.507356
2019-02-06,0.21348736,26.71967,12.958041
2019-02-07,2.0724654,25.007668,13.183248
2019-02-08,4.238569,24.333094,11.763499
2019-02-09,1.335865,23.928186,10.903969
2019-02-10,0.62139446,24.869415,10.147427
2019-02-11,0.1614013,26.122599,10.987372
2019-02-12,0.007784157,27.243013,12.215444
2019-02-13,0.7262094,28.108765,13.199081
2019-02-14,0.36144575,27.444284,14.050237
2019-02-15,1.7443608,26.656118,14.177592
2019-02-16,2.006863,25.962324,13.576753
2019-02-17,0.8853561,25.8949,12.831113
2019-02-18,0.8686861,26.545202,13.130291
2019-02-19,1.4771432,27.789276,13.703569
2019-02-20,0.5246758,27.985252,15.213652
2019-02-21,1.9617704,28.704319,15.488859
2019-02-22,2.3423307,28.938469,15.443769
2019-02-23,0.19360048,28.499533,14.622045
2019-02-24,0.37149915,28.64712,14.187309
2019-02-25,1.0178246,28.070599,13.844345
2019-02-26,1.2521051,26.958517,14.176979
2019-02-27,2.044139,25.591316,13.935899
2019-02-28,2.6006904,25.339577,12.703697
2019-03-01,1.1663375,26.581179,12.28599
2019-03-02,0.27928522,26.591297,13.866675
2019-03-03,1.590174,27.145496,14.687415
2019-03-04,0.5389817,27.499397,15.003854
2019-03-05,1.0113367,27.740345,14.843598
2019-03-06,0.94709665,28.08571,14.41294
2019-03-07,0.55519253,28.511332,13.837628
2019-03-08,0.15093604,28.942108,14.258611
2019-03-09,0.10649625,29.766655,14.91748
2019-03-10,0.13184002,30.022202,15.512813
2019-03-11,0.086853646,29.716389,16.361471
2019-03-12,0.82948303,30.445547,16.14102
2019-03-13,0.06520694,30.013474,16.729256
2019-03-14,0.48823768,29.945244,16.596235
2019-03-15,0.7746131,30.331205,16.260836
2019-03-16,1.1575379,30.620337,15.993456
2019-03-17,0.2603801,30.602089,16.487602
2019-03-18,1.3304056,30.738724,16.212917
2019-03-19,0.38443145,31.44874,16.452429
2019-03-20,1.1308687,31.254246,17.123291
2019-03-21,1.5074539,31.511133,17.125088
2019-03-22,0.20869833,31.712812,17.42811
2019-03-23,0.7522963,32.00668,17.345144
2019-03-24,0.2509975,32.712643,17.421597
2019-03-25,0.11024498,33.012344,18.243366
2019-03-26,0.9647391,32.61944,18.322237
2019-03-27,0.44431543,33.150467,17.851372
2019-03-28,0.12535276,34.430515,18.492468
2019-03-29,0.0071252375,35.117165,19.04026
2019-03-30,0.3954619,35.270504,20.480047
2019-03-31,0.8624485,34.634186,20.68207
2019-04-01,1.8617716,34.241413,19.401024
2019-04-02,0.7053857,34.666313,19.203999
2019-04-03,1.1940898,35.21475,19.548038
2019-04-04,0.13502878,35.60478,20.603943
2019-04-05,0.7039071,35.613194,21.081747
2019-04-06,0.46032396,35.44713,21.373035
2019-04-07,2.050597,34.870144,20.85337
2019-04-08,0.7152488,34.61707,20.971968
2019-04-09,1.4356418,35.080467,20.862947
2019-04-10,1.5036749,35.549267,21.1944
2019-04-11,0.17896499,36.105885,21.531528
2019-04-12,0.34632072,36.193974,22.0555
2019-04-13,0.33246765,36.175026,22.129372
2019-04-14,0.8955679,36.484924,22.046476
2019-04-15,0.420332,36.370968,22.610329
2019-04-16,1.061033,32.996716,22.14999
2019-04-17,3.5502524,30.796886,19.757858
2019-04-18,2.0456395,32.4586,19.391096
2019-04-19,1.1852936,33.51136,19.802923
2019-04-20,0.9901624,34.479973,20.072128
2019-04-21,1.09685,35.10339,20.614008
2019-04-22,0.9416307,35.737103,21.049307
2019-04-23,0.98270583,36.73299,21.73902
2019-04-24,0.5385586,36.84347,22.67514
2019-04-25,0.69066477,37.399853,23.187838
2019-04-26,0.63057053,37.840485,23.404509
2019-04-27,0.2774433,37.892998,23.924757
2019-04-28,1.0090761,37.716587,23.638428
2019-04-29,1.2211556,37.537388,23.482285
2019-04-30,2.5078266,36.68955,23.758476
2019-05-01,3.7640302,36.278076,23.4723
2019-05-02,2.9837854,35.932446,23.297253
2019-05-03,3.5126898,34.587315,22.791225
2019-05-04,5.8521385,34.862038,22.426865
2019-05-05,3.1394098,36.378338,22.447113
2019-05-06,1.206329,37.4341,22.775757
2019-05-07,0.8414178,37.595356,23.20827
2019-05-08,0.5868677,37.320786,23.796724
2019-05-09,1.0405242,37.21739,23.897318
2019-05-10,1.4020679,36.682384,24.000477
2019-05-11,2.063027,36.011593,23.859295
2019-05-12,1.897769,36.39924,23.349976
2019-05-13,2.424287,36.596313,23.648321
2019-05-14,2.725141,35.628635,22.853832
2019-05-15,1.4948499,35.59922,23.12867
2019-05-16,1.5269666,35.583588,22.799398
2019-05-17,1.5190152,35.305916,23.343699
2019-05-18,2.4232872,35.73797,23.206995
2019-05-19,1.055549,36.946102,23.613853
2019-05-20,1.1056496,37.391953,24.04375
2019-05-21,0.6305132,38.027916,24.182468
2019-05-22,1.1718559,37.726807,24.724522
2019-05-23,1.8617353,36.496887,24.725094
2019-05-24,2.4598634,36.004704,24.418953
2019-05-25,2.48136,36.55703,24.165176
2019-05-26,2.4917786,37.842434,24.296413
2019-05-27,1.4795496,38.603863,24.639128
2019-05-28,0.86389524,39.130825,24.986135
2019-05-29,1.1874259,39.231754,25.001898
2019-05-30,1.393826,38.91971,25.067732
2019-05-31,1.0841016,38.67744,25.628645
2019-06-01,1.5265373,38.42351,25.522766
2019-06-02,1.0197104,38.560482,25.80803
2019-06-03,2.7179852,37.27054,25.396921
2019-06-04,2.9983237,37.163525,24.70348
2019-06-05,1.6041627,38.456604,25.606663
2019-06-06,1.8571647,38.020103,25.943018
2019-06-07,1.9518474,37.75389,25.138535
2019-06-08,2.042854,37.963596,25.401411
2019-06-09,1.4938557,38.89518,25.774015
2019-06-10,2.6072545,38.703445,25.908825
2019-06-11,2.5631363,38.228065,26.129137
2019-06-12,2.3625855,36.864204,26.102465
2019-06-13,3.8442678,36.56377,25.046104
2019-06-14,3.0661564,37.21664,25.341362
2019-06-15,3.4672801,37.109894,25.786518
2019-06-16,3.1519666,35.931564,25.22523
2019-06-17,3.8187819,35.46229,25.090279
2019-06-18,3.0043874,34.73452,23.959763
2019-06-19,4.3793697,34.96758,24.418814
2019-06-20,3.347011,35.270973,24.787773
2019-06-21,5.112063,34.77214,24.317991
2019-06-22,6.101815,34.68542,24.531155
2019-06-23,5.87538,34.483177,24.67754
2019-06-24,5.518505,34.193768,24.661318
2019-06-25,4.9017863,34.960205,24.714827
2019-06-26,6.4791536,34.90989,25.005388
2019-06-27,6.647564,34.82339,24.644182
2019-06-28,6.7957654,34.582108,24.578598
2019-06-29,6.672873,34.707737,24.815338
2019-06-30,6.3224287,34.28766,24.813383
2019-07-01,6.9790382,34.38313,24.535742
2019-07-02,9.16221,33.582836,24.305504
2019-07-03,9.377343,33.247013,24.553917
2019-07-04,6.7693667,33.32381,24.979641
2019-07-05,8.018852,32.593327,24.511805
2019-07-06,13.453726,31.723202,24.010612
2019-07-07,12.599516,32.045815,23.977316
2019-07-08,10.891433,32.236366,24.349503
2019-07-09,13.95607,31.701656,24.344517
2019-07-10,13.722218,32.21474,24.118723
2019-07-11,12.976158,32.15313,24.516697
2019-07-12,11.007216,32.818314,24.18153
2019-07-13,8.183938,32.88112,24.430601
2019-07-14,7.424272,32.681602,24.191935
2019-07-15,7.033139,32.570683,24.106886
2019-07-16,6.54009,32.64627,23.887268
2019-07-17,3.729485,33.37653,23.955584
2019-07-18,2.718464,33.764645,24.22049
2019-07-19,5.419788,33.324696,24.254286
2019-07-20,6.861586,33.618908,24.363451
2019-07-21,6.614774,33.621243,24.655573
2019-07-22,6.8029933,33.28832,24.609606
2019-07-23,6.9351788,33.649162,24.869774
2019-07-24,8.316243,33.289818,25.107527
2019-07-25,11.598649,30.664062,24.047142
2019-07-26,13.670271,29.85558,23.624136
2019-07-27,15.71056,29.719776,23.498701
2019-07-28,11.709743,29.905128,23.584341
2019-07-29,13.365784,30.250357,23.615395
2019-07-30,12.365583,30.326298,23.74002
2019-07-31,11.7422085,30.42351,23.68284
2019-08-01,7.763743,30.571539,23.875431
2019-08-02,9.898275,30.548811,23.707714
2019-08-03,12.81285,30.758797,23.869644
2019-08-04,11.273275,31.410624,24.039751
2019-08-05,9.810404,32.03952,24.454803
2019-08-06,11.765506,31.191626,24.28268
2019-08-07,17.90364,30.72228,23.817144
2019-08-08,18.222523,30.539814,24.050209
2019-08-09,18.664785,30.521078,23.802792
2019-08-10,15.279132,31.234028,23.832226
2019-08-11,10.946349,32.20235,24.109161
2019-08-12,4.3962836,32.304268,24.300848
2019-08-13,9.875293,31.363031,23.936857
2019-08-14,14.512443,30.712366,23.793222
2019-08-15,12.986506,30.741814,23.68098
2019-08-16,9.833431,30.99282,23.744823
2019-08-17,9.565018,30.300993,23.458324
2019-08-18,11.912839,30.369444,23.162855
2019-08-19,9.369559,31.501886,23.106415
2019-08-20,5.2582397,31.856255,23.418055
2019-08-21,4.997608,32.042793,23.708967
2019-08-22,5.6358,32.194103,23.442421
2019-08-23,5.221941,31.713095,23.353994
2019-08-24,6.922605,31.632202,23.415102
2019-08-25,6.7848015,31.23093,23.370697
2019-08-26,8.488863,31.568832,23.363026
2019-08-27,6.2104115,32.04874,23.664223
2019-08-28,4.447017,32.078465,24.019253
2019-08-29,4.268054,32.52398,24.124813
2019-08-30,5.3438435,32.476215,23.936142
2019-08-31,6.5345006,31.90981,24.046185
2019-09-01,7.9696445,31.790592,23.846537
2019-09-02,8.686823,31.896366,23.65488
2019-09-03,6.731449,31.739492,23.818134
2019-09-04,8.922008,31.396275,23.96028
2019-09-05,11.244217,31.622448,23.836586
2019-09-06,8.428,31.907532,24.058327
2019-09-07,8.677695,31.660475,24.081354
2019-09-08,11.1120615,31.504272,23.798779
2019-09-09,8.8585415,31.848606,23.87365
2019-09-10,6.5521884,32.164654,24.086788
2019-09-11,5.988114,31.655937,23.964104
2019-09-12,10.131334,30.689566,23.684149
2019-09-13,11.387529,30.80065,23.42516
2019-09-14,8.447165,31.136763,23.305178
2019-09-15,6.3927097,31.553831,23.361334
2019-09-16,5.5831723,31.661367,23.408413
2019-09-17,6.2441707,31.618164,23.322994
2019-09-18,8.405829,31.404324,22.827435
2019-09-19,7.07134,31.433142,22.79762
2019-09-20,5.3217187,31.884718,22.844074
2019-09-21,3.225937,32.28382,22.778204
2019-09-22,5.1386795,31.552988,22.647453
2019-09-23,6.6545424,30.93408,22.583488
2019-09-24,9.5157175,30.260586,22.399483
2019-09-25,11.226794,29.962574,22.439022
2019-09-26,10.314365,29.67323,22.36059
2019-09-27,10.0631075,29.679657,22.154764
2019-09-28,11.544558,29.192886,21.948284
2019-09-29,12.456583,28.762016,21.605993
2019-09-30,12.475404,29.397156,21.3519
2019-10-01,5.823656,30.168097,21.59083
2019-10-02,4.467645,30.984173,21.503447
2019-10-03,2.3684406,31.32055,21.662611
2019-10-04,3.065076,30.744202,21.201815
2019-10-05,2.8101366,31.321434,21.231749
2019-10-06,2.8711863,31.030348,21.182686
2019-10-07,3.771447,30.764078,20.975706
2019-10-08,3.1163466,30.85539,20.709177
2019-10-09,3.4312668,30.866587,20.611042
2019-10-10,3.5114713,31.077936,20.449575
2019-10-11,3.0878925,31.323662,20.2638
2019-10-12,1.8211435,31.611267,20.27255
2019-10-13,1.2960504,31.767601,20.281734
2019-10-14,1.1199774,32.118324,20.194956
2019-10-15,0.70992565,31.951597,20.146296
2019-10-16,2.1616857,31.391966,20.059479
2019-10-17,1.8394316,31.353935,20.090343
2019-10-18,2.4374387,30.857784,20.27632
2019-10-19,4.2259645,30.172237,20.150852
2019-10-20,4.0303054,29.476484,20.019533
2019-10-21,6.254493,29.270912,19.68172
2019-10-22,4.3893423,29.419092,19.30103
2019-10-23,3.4039514,29.076468,19.004984
2019-10-24,7.4893827,28.166058,18.798086
2019-10-25,7.6233892,27.662533,18.551239
2019-10-26,6.5282087,27.791761,18.553535
2019-10-27,3.6029825,29.049652,18.719355
2019-10-28,1.5256377,29.71206,19.001568
2019-10-29,1.5242614,29.83414,19.233696
2019-10-30,3.2099688,29.700027,19.328552
2019-10-31,3.0688715,29.797012,19.07417
2019-11-01,1.3477376,30.134842,19.034595
2019-11-02,1.2794509,29.306715,18.83386
2019-11-03,1.5677583,29.18814,19.160286
2019-11-04,0.71913743,29.961952,18.718046
2019-11-05,0.45739067,29.866302,18.15976
2019-11-06,0.97721887,29.250957,17.794197
2019-11-07,1.9790139,27.953983,17.56734
2019-11-08,3.7832606,28.180765,17.009418
2019-11-09,1.5764128,28.161646,17.282919
2019-11-10,1.9298933,28.32851,17.125555
2019-11-11,0.87525743,28.647812,16.70713
2019-11-12,0.32691354,28.70518,16.585293
2019-11-13,0.06740913,28.473196,16.534971
2019-11-14,0.45007262,27.997114,16.651854
2019-11-15,1.8145263,27.945246,16.337934
2019-11-16,0.9584172,28.4747,16.54901
2019-11-17,0.5795113,28.462202,16.42112
2019-11-18,0.22306587,28.131613,15.921454
2019-11-19,0.39489284,27.833406,15.36163
2019-11-20,0.45258334,27.77715,15.231635
2019-11-21,0.4303878,27.764387,15.27552
2019-11-22,0.5150782,27.624603,15.290933
2019-11-23,0.97802216,27.468792,15.460957
2019-11-24,0.18109885,27.657135,15.126207
2019-11-25,0.117055126,27.722311,15.2115965
2019-11-26,0.07412329,27.383232,15.396261
2019-11-27,0.8108597,27.11568,15.550691
2019-11-28,2.5279367,27.100948,15.428124
2019-11-29,1.1837995,26.868649,15.388488
2019-11-30,0.8665244,26.447948,14.732086
2019-12-01,2.476081,25.705603,14.751801
2019-12-02,1.6703496,25.546894,14.415782
2019-12-03,0.9371998,25.61139,13.714109
2019-12-04,0.12302978,26.12339,13.242995
2019-12-05,0.036985267,25.84605,13.0190735
2019-12-06,0.07716857,25.561117,12.616768
2019-12-07,0.07206619,25.733604,12.352803
2019-12-08,0.27319124,25.650776,12.262635
2019-12-09,0.019168826,25.942598,12.566285
2019-12-10,0.012786933,25.64276,12.503775
2019-12-11,0.0550814,25.405018,12.605593
2019-12-12,0.20473818,24.401615,13.907485
2019-12-13,4.1704607,23.408764,14.070164
2019-12-14,3.7894347,23.732553,13.339343
2019-12-15,0.9079656,23.283798,13.040235
2019-12-16,0.5038084,22.833637,12.69192
2019-12-17,0.32951465,21.96875,12.477002
2019-12-18,0.13772942,22.39837,11.105006
2019-12-19,0.0155972075,22.736902,10.960079
2019-12-20,0.029723156,22.987236,11.146231
2019-12-21,0.5494628,23.433104,11.862126
2019-12-22,0.007880172,23.28432,12.096321
2019-12-23,0.0065093706,23.048332,12.195844
2019-12-24,0.016347935,22.963837,11.896054
2019-12-25,0.18194208,22.370495,11.837704
2019-12-26,0.24672751,21.377022,11.392658
2019-12-27,0.41241032,21.381369,10.30676
2019-12-28,0.15376087,21.330635,8.860746
2019-12-29,0.02802694,21.32154,8.821505
2019-12-30,0.066019066,21.245947,8.65188
2019-12-31,0.12328954,21.625868,9.119552
2020-01-01,0.3427638,22.018934,9.942075
2020-01-02,0.9015052,22.790234,11.822499
2020-01-03,2.1344116,22.17777,12.347993
2020-01-04,2.4566433,22.09079,12.006431
2020-01-05,0.8765214,22.061138,11.351736
2020-01-06,0.581784,22.55144,11.3335705
2020-01-07,1.5826715,22.773542,12.03643
2020-01-08,2.3036919,22.026724,12.425359
2020-01-09,2.8104587,21.391865,11.171222
2020-01-10,0.28086388,21.650309,9.831083
2020-01-11,0.01112507,22.569468,9.455536
2020-01-12,0.427763,23.93819,10.15984
2020-01-13,1.7046463,23.35073,11.016232
2020-01-14,3.8457153,23.23835,10.573173
2020-01-15,0.58109814,23.382465,10.598422
2020-01-16,1.32128,22.825012,11.382239
2020-01-17,1.5649074,23.014454,11.059893
2020-01-18,0.5168367,23.100752,11.386886
2020-01-19,0.58865404,22.774328,11.687033
2020-01-20,0.5476242,23.016659,11.02698
2020-01-21,0.76306635,23.85362,11.344815
2020-01-22,0.1896957,24.460245,11.457684
2020-01-23,0.098486245,23.990168,11.815878
2020-01-24,0.16765481,24.263117,10.550022
2020-01-25,0.0021846571,24.498152,10.134653
2020-01-26,0.12583083,25.33766,10.466477
2020-01-27,0.03535939,25.177027,11.218931
2020-01-28,0.4060194,23.986383,12.817009
2020-01-29,2.2347176,24.218718,12.334232
2020-01-30,0.48458377,23.96931,11.69664
2020-01-31,0.5114064,23.595,10.821192
2020-02-01,0.0868999,23.881319,10.6197
2020-02-02,0.179961,23.81558,10.722943
2020-02-03,0.07942722,24.551981,10.546033
2020-02-04,0.14347233,24.235117,11.028952
2020-02-05,0.55670017,24.5743,11.579572
2020-02-06,0.174446,24.787687,11.055332
2020-02-07,0.47188058,23.966715,11.087163
2020-02-08,0.8110903,23.989294,10.9381275
2020-02-09,0.92547345,24.46577,11.064774
2020-02-10,0.15787098,25.368935,10.69095
2020-02-11,0.032202,25.975325,11.241842
2020-02-12,0.22963457,26.930647,12.315497
2020-02-13,0.19790097,28.289759,13.110678
2020-02-14,0.13239563,28.028185,13.465944
2020-02-15,0.049441934,28.053995,13.011741
2020-02-16,0.00033032882,28.51831,12.843659
2020-02-17,0.008042597,28.785475,13.070556
2020-02-18,0.24441862,28.423399,13.101065
2020-02-19,0.14186746,28.697239,13.229854
2020-02-20,0.14743859,28.421064,14.791993
2020-02-21,0.6304956,27.571339,14.750285
2020-02-22,0.7303786,27.926466,14.340584
2020-02-23,0.09053275,28.410662,14.772356
2020-02-24,0.8266496,28.061361,14.75788
2020-02-25,1.512128,27.192114,14.547002
2020-02-26,2.1168978,27.634779,14.109177
2020-02-27,0.8061726,28.465172,14.560423
2020-02-28,0.05211236,28.62453,15.119784
2020-02-29,0.61414236,28.800013,15.545798
2020-03-01,1.0340165,29.028965,15.412678
2020-03-02,0.41493666,29.27488,15.7612295
2020-03-03,0.3588382,29.399876,15.827875
2020-03-04,0.85886997,28.971565,16.014862
2020-03-05,1.4013965,27.797548,15.826141
2020-03-06,3.0023215,26.335926,15.855031
2020-03-07,4.6681795,25.912075,15.270346
2020-03-08,2.03603,27.855724,15.1597185
2020-03-09,0.66566825,28.390892,15.371084
2020-03-10,0.19253685,28.419052,15.629954
2020-03-11,0.45722985,28.201744,16.137053
2020-03-12,2.1906106,28.542322,16.032484
2020-03-13,2.6074564,28.199165,15.937227
2020-03-14,2.9387512,27.677444,15.73128
2020-03-15,1.6214076,28.477114,15.288157
2020-03-16,0.18038633,29.73042,15.892724
2020-03-17,0.09010411,30.573372,16.302982
2020-03-18,0.22687222,31.218483,16.79251
2020-03-19,0.33596805,31.153011,17.19291
2020-03-20,1.1557884,31.223024,17.209036
2020-03-21,0.5988231,30.440605,17.64216
2020-03-22,1.2139088,30.813719,17.283176
2020-03-23,0.3733517,31.811962,17.874031
2020-03-24,0.451033,31.659046,18.579834
2020-03-25,0.9551742,32.210304,18.647396
2020-03-26,0.71492046,31.167128,19.248634
2020-03-27,1.2799569,29.87056,18.801908
2020-03-28,3.3175232,31.40103,18.06197
2020-03-29,0.48477137,32.488686,18.44942
2020-03-30,0.49744642,32.94262,18.447128
2020-03-31,0.22709677,33.258213,18.608915
2020-04-01,1.0079365,33.48006,18.860779
2020-04-02,0.48004454,33.12688,19.260544
2020-04-03,0.52645236,33.301502,18.996813
2020-04-04,0.30596173,33.670807,18.864216
2020-04-05,0.2954922,34.204315,19.204172
2020-04-06,0.7498677,34.496563,19.525612
2020-04-07,0.6328482,33.906235,19.947765
2020-04-08,1.2268482,33.68701,19.618305
2020-04-09,1.5837669,33.844376,19.3024
2020-04-10,1.5861379,34.46231,19.315243
2020-04-11,0.26793006,35.147186,20.112383
2020-04-12,0.36782184,35.674763,20.533777
2020-04-13,0.056219336,36.247036,20.992025
2020-04-14,0.07370156,36.7634,21.83271
2020-04-15,0.9288858,35.88651,22.627396
2020-04-16,1.1837403,35.661602,21.519665
2020-04-17,1.2496269,34.52519,22.254566
2020-04-18,2.050348,33.963703,21.607824
2020-04-19,2.9686527,33.90339,21.175089
2020-04-20,2.5770533,33.27003,20.955372
2020-04-21,2.31032,33.117718,19.928782
2020-04-22,3.2592807,33.991848,20.437572
2020-04-23,1.5414199,34.28213,21.54549
2020-04-24,2.2764242,34.0658,21.365047
2020-04-25,2.9378502,33.633698,21.694351
2020-04-26,2.0785017,33.338013,21.369976
2020-04-27,3.4643378,33.265347,20.747921
2020-04-28,1.882877,33.638165,21.189522
2020-04-29,2.6933134,34.14139,21.32815
2020-04-30,1.5247328,35.188908,22.19099
2020-05-01,1.7990354,35.49079,22.469893
2020-05-02,1.7471215,35.28739,22.39597
2020-05-03,1.8469079,35.243263,22.918756
2020-05-04,1.9564903,35.015736,22.219475
2020-05-05,2.3827043,35.046787,22.345144
2020-05-06,3.2725842,35.070747,22.024693
2020-05-07,2.0667849,35.381615,21.733507
2020-05-08,1.816843,36.085464,22.138874
2020-05-09,0.99072933,36.83512,22.993746
2020-05-10,0.8859165,35.6513,23.417866
2020-05-11,2.3647292,35.11204,22.105299
2020-05-12,0.98557496,35.262512,22.597427
2020-05-13,1.5423998,34.906273,22.983002
2020-05-14,2.2264109,35.18377,22.837835
2020-05-15,2.4739823,35.761723,23.231043
2020-05-16,2.2507231,35.906914,23.43399
2020-05-17,2.0001638,36.531475,23.24783
2020-05-18,1.491664,36.257725,23.487589
2020-05-19,0.79109454,36.303642,23.296713
2020-05-20,1.9412347,35.97906,23.031662
2020-05-21,4.750561,36.579662,22.662714
2020-05-22,3.583231,37.661724,23.47272
2020-05-23,2.1815934,37.92816,24.68696
2020-05-24,2.6109614,38.109158,24.960896
2020-05-25,3.692326,38.429855,25.326134
2020-05-26,4.6382456,38.48781,25.373251
2020-05-27,3.9307966,38.042133,25.30916
2020-05-28,2.374842,36.9082,24.88128
2020-05-29,2.5269969,35.973763,23.841158
2020-05-30,3.5515413,34.50539,23.396866
2020-05-31,3.5129287,34.309635,23.414927
2020-06-01,5.4213176,33.782547,22.723372
2020-06-02,6.0137224,33.22513,22.529575
2020-06-03,5.8005137,32.985306,22.911385
2020-06-04,7.5273743,32.32674,22.85816
2020-06-05,7.505997,32.513557,22.187418
2020-06-06,6.678486,33.359074,22.531998
2020-06-07,3.6758268,34.19223,23.375957
2020-06-08,2.804127,34.99333,23.67715
2020-06-09,2.2832503,35.999237,24.239729
2020-06-10,1.944862,35.78737,24.921259
2020-06-11,6.9565253,34.358166,24.203764
2020-06-12,6.576195,33.997257,24.09867
2020-06-13,7.0364113,33.77545,24.195404
2020-06-14,6.1556654,34.391094,24.47451
2020-06-15,6.3851256,34.72222,24.51513
2020-06-16,9.029033,34.36058,24.550415
2020-06-17,9.144446,33.792137,24.518723
2020-06-18,8.453479,33.829334,24.6417
2020-06-19,6.811861,34.15162,24.689035
2020-06-20,5.7865195,33.93395,24.464594
2020-06-21,6.1456156,32.669285,24.366356
2020-06-22,7.445274,33.380127,24.082932
2020-06-23,6.779887,33.486042,24.546247
2020-06-24,6.2552214,33.621403,24.75485
2020-06-25,7.8686323,33.255333,24.45422
2020-06-26,10.294888,32.956444,24.375446
2020-06-27,9.543576,33.63544,24.431343
2020-06-28,8.15999,33.883827,24.617441
2020-06-29,7.3008175,33.426594,24.31869
2020-06-30,6.971157,34.141685,24.320625
2020-07-01,5.3512893,34.293087,24.857653
2020-07-02,5.9205422,34.33936,24.787508
2020-07-03,6.113356,34.121624,25.112026
2020-07-04,8.724351,33.360996,24.61014
2020-07-05,10.907398,31.967518,23.818865
2020-07-06,12.704865,31.692049,23.702398
2020-07-07,11.421791,32.429092,23.981358
2020-07-08,9.826314,32.67782,24.144878
2020-07-09,10.4822,32.362114,24.30258
2020-07-10,13.0679655,32.09726,24.228298
2020-07-11,10.542681,32.14709,23.895432
2020-07-12,9.573793,32.09338,23.815554
2020-07-13,7.6164494,32.66136,23.648129
2020-07-14,6.4139895,32.549274,24.283749
2020-07-15,8.446549,32.0216,24.261898
2020-07-16,9.14776,31.940151,24.1012
2020-07-17,6.6025414,32.498074,24.318762
2020-07-18,5.2787714,32.99443,24.655361
2020-07-19,6.89875,32.325016,24.625772
2020-07-20,12.103869,31.740627,23.951864
2020-07-21,13.121784,31.017555,23.517443
2020-07-22,8.551697,31.823526,23.473135
2020-07-23,7.584378,31.58684,23.702541
2020-07-24,9.070662,31.57379,23.7984
2020-07-25,7.046658,32.132786,23.887594
2020-07-26,4.7576146,32.962402,24.058252
2020-07-27,2.9604285,33.210953,24.662811
2020-07-28,5.0384817,32.90815,24.773865
2020-07-29,10.700749,31.716175,24.158297
2020-07-30,10.375315,32.101837,23.916615
2020-07-31,6.272179,32.709553,24.361877
2020-08-01,6.691116,32.694313,24.220219
2020-08-02,5.817755,33.5047,24.350958
2020-08-03,5.7618036,32.95328,24.700302
2020-08-04,7.044025,32.66844,24.682175
2020-08-05,13.383039,32.323498,24.503859
2020-08-06,12.292431,32.30028,24.537214
2020-08-07,10.110462,32.159157,24.529085
2020-08-08,7.0221133,32.036858,24.747759
2020-08-09,8.794302,30.98975,24.373264
2020-08-10,12.041664,30.795568,24.023922
2020-08-11,9.34973,31.37622,24.118828
2020-08-12,10.512225,30.866188,24.146996
2020-08-13,14.189482,30.208178,23.971268
2020-08-14,13.440278,30.500511,23.774202
2020-08-15,11.579757,30.356571,23.879023
2020-08-16,13.169826,30.456528,23.822756
2020-08-17,11.989401,30.81452,24.053171
2020-08-18,9.298148,31.248888,24.12892
2020-08-19,8.954203,30.567171,23.909292
2020-08-20,12.866856,29.773233,23.516247
2020-08-21,13.8614025,30.064714,23.498064
2020-08-22,12.091455,31.082037,23.447042
2020-08-23,9.151627,31.040373,23.641247
2020-08-24,10.179736,31.229605,23.582697
2020-08-25,8.050686,31.62507,23.807056
2020-08-26,7.9430337,30.859158,23.585827
2020-08-27,10.9935055,30.395065,23.393593
2020-08-28,10.757279,30.753775,23.268301
2020-08-29,9.907044,30.964333,23.18197
2020-08-30,10.902569,31.312885,23.396023
2020-08-31,9.055706,31.388226,23.212578
2020-09-01,4.8435693,31.526659,23.424116
2020-09-02,5.3470383,31.50532,23.427723
2020-09-03,4.8099756,32.055794,23.666086
2020-09-04,4.721638,32.12145,23.619675
2020-09-05,4.0016255,32.686108,23.76588
2020-09-06,3.8825803,32.487648,23.959202
2020-09-07,7.2052574,32.355503,23.424648
2020-09-08,5.324506,32.816532,23.584377
2020-09-09,3.4772234,33.139267,23.758577
2020-09-10,5.084144,32.766655,23.745947
2020-09-11,6.1498857,32.283394,23.562107
2020-09-12,5.8598733,32.28793,23.628637
2020-09-13,7.1948514,31.68674,23.565653
2020-09-14,7.7247205,31.91143,23.506744
2020-09-15,6.5852656,31.408339,23.671556
2020-09-16,6.8638945,32.5242,23.756575
2020-09-17,6.073335,32.585304,23.886696
2020-09-18,5.4975104,32.5534,23.875187
2020-09-19,4.6585536,32.91145,23.688133
2020-09-20,5.5292153,32.79989,23.549456
2020-09-21,7.9376607,32.283325,23.155798
2020-09-22,9.878338,31.499676,23.365402
2020-09-23,10.643176,31.205172,23.105589
2020-09-24,10.538954,31.50105,23.055109
2020-09-25,7.728288,31.591953,23.233612
2020-09-26,10.246208,30.643784,22.513876
2020-09-27,4.677985,31.4892,22.049639
2020-09-28,1.9202913,32.378193,21.910421
2020-09-29,1.0942768,32.403427,22.162077
2020-09-30,2.8720732,32.262295,21.833748
2020-10-01,3.6200573,32.343475,21.84061
2020-10-02,1.8267449,32.720142,21.793573
2020-10-03,2.2324002,32.671078,21.781155
2020-10-04,3.4602218,32.355045,21.656767
2020-10-05,3.1181526,32.68143,21.177198
2020-10-06,3.4636233,32.65346,21.136435
2020-10-07,3.0718129,32.561314,21.3398
2020-10-08,2.5947697,32.876484,21.433687
2020-10-09,1.587553,33.2977,21.461449
2020-10-10,2.530409,33.048393,21.520176
2020-10-11,4.5069475,32.27518,21.27699
2020-10-12,3.9037094,32.515316,21.083445
2020-10-13,4.913093,32.24414,21.253323
2020-10-14,5.5421395,32.158394,21.516962
2020-10-15,5.450806,32.352077,21.488386
2020-10-16,1.5507023,32.555183,21.594822
2020-10-17,1.1796194,32.7528,21.484156
2020-10-18,1.9239235,32.43018,21.358166
2020-10-19,2.2664063,32.0757,20.970516
2020-10-20,2.453471,31.889742,20.6921
2020-10-21,3.1972597,31.698101,20.49404
2020-10-22,2.1080797,31.495274,20.18368
2020-10-23,2.9025235,31.133987,19.498753
2020-10-24,3.5635116,31.234114,18.889647
2020-10-25,1.6641006,31.153557,18.80751
2020-10-26,0.7867059,31.297327,18.657772
2020-10-27,0.3686611,31.364151,17.756605
2020-10-28,0.11028984,31.252974,17.234035
2020-10-29,0.44210258,31.015823,16.954533
2020-10-30,0.1498421,31.191597,17.073484
2020-10-31,0.18723166,30.757357,17.17662
2020-11-01,0.75637114,30.69458,17.341219
2020-11-02,0.7559987,30.875328,16.965788
2020-11-03,0.7670637,30.351997,16.5847
2020-11-04,0.77017975,30.188,15.96554
2020-11-05,1.1983314,30.156528,15.319512
2020-11-06,0.8893371,30.009766,15.088472
2020-11-07,0.3732922,29.927542,15.260659
2020-11-08,0.31080478,29.626793,14.826483
2020-11-09,0.22653511,29.467573,14.329839
2020-11-10,0.011988614,29.208868,13.859527
2020-11-11,0.06071907,29.08587,14.263751
2020-11-12,0.5605132,29.274042,15.170563
2020-11-13,0.60967404,29.483372,15.852456
2020-11-14,1.0349597,29.662676,16.03497
2020-11-15,0.9620605,29.05549,16.480896
2020-11-16,3.542022,27.77533,16.382837
2020-11-17,1.7873683,28.097706,15.812236
2020-11-18,1.6832479,27.731289,15.716411
2020-11-19,0.6248506,27.526081,15.647538
2020-11-20,0.7455063,27.326998,15.150553
2020-11-21,0.60309535,26.583748,14.361166
2020-11-22,0.4185042,26.536251,12.958448
2020-11-23,0.5340327,26.337252,12.761168
2020-11-24,0.4827063,26.241785,12.925082
2020-11-25,0.61687803,25.716677,13.280513
2020-11-26,3.7322378,25.150812,14.025619
2020-11-27,4.2457523,24.9751,14.141509
2020-11-28,1.1374888,26.491142,13.586404
2020-11-29,0.3241104,27.391657,13.351744
2020-11-30,0.18417668,27.994879,13.410557
2020-12-01,0.040055797,28.179605,13.445045
2020-12-02,0.015591499,27.826258,13.024309
2020-12-03,1.1025715,27.650341,13.065673
2020-12-04,1.9494257,27.74893,13.228235
2020-12-05,1.6077518,27.6234,13.498041
2020-12-06,0.7726234,27.651463,13.679474
2020-12-07,1.105318,27.619223,13.760537
2020-12-08,1.3452331,27.34793,13.924898
2020-12-09,1.4951754,27.09233,13.7025585
2020-12-10,0.33842483,27.128166,13.96172
2020-12-11,0.16167893,25.438755,14.240787
2020-12-12,1.7831236,24.725958,14.26884
2020-12-13,0.58778304,24.19222,13.766167
2020-12-14,0.18860345,23.598333,13.276896
2020-12-15,0.1099081,23.883327,12.841197
2020-12-16,0.46868744,23.479269,12.394106
2020-12-17,0.6484131,23.279646,11.683341
2020-12-18,0.50813687,23.065762,10.661302
2020-12-19,0.3001715,23.927565,9.933935
2020-12-20,0.01581367,24.1915,9.679668
2020-12-21,0.00017298963,24.840267,9.384268
2020-12-22,0.00057429966,25.222008,9.462424
2020-12-23,0.000913396,25.356607,9.769599
2020-12-24,0.06551471,25.273056,10.335815
2020-12-25,0.00647485,25.097916,10.319495
2020-12-26,0.0007680602,25.153648,10.235787
2020-12-27,0.0,24.77753,10.216428
2020-12-28,0.42885768,23.617548,9.8075
2020-12-29,0.079205506,23.014528,9.41243
2020-12-30,0.08548317,23.035143,9.837759
2020-12-31,0.32488233,23.381685,9.918993
2021-01-01,0.59162456,23.826838,10.177415
2021-01-02,0.020424087,24.289648,10.72724
2021-01-03,0.5845565,24.409119,11.754776
2021-01-04,1.5162601,24.770153,12.810214
2021-01-05,1.7305895,24.592432,13.813357
2021-01-06,3.1546497,25.093534,13.940406
2021-01-07,2.897433,24.664274,13.910265
2021-01-08,0.77291334,24.443893,13.849718
2021-01-09,1.2039217,24.476673,13.909437
2021-01-10,0.42010844,24.741728,13.746694
2021-01-11,0.32784647,24.279457,13.391025
2021-01-12,0.63136774,23.81555,12.133198
2021-01-13,1.0629601,23.617666,11.026718
2021-01-14,0.71524656,23.855312,10.462312
2021-01-15,0.41158023,24.342588,10.798184
2021-01-16,0.10786626,24.043518,11.038399
2021-01-17,0.10771546,24.533411,11.609337
2021-01-18,0.002412782,25.03206,11.790007
2021-01-19,0.10952096,24.953175,12.535197
2021-01-20,0.30355832,25.103842,12.882102
2021-01-21,0.55409056,25.642744,11.6996975
2021-01-22,0.021503791,25.664927,11.347956
2021-01-23,0.15448442,25.056189,12.082973
2021-01-24,0.5722908,24.481123,11.716445
2021-01-25,0.0496536,24.097107,11.376529
2021-01-26,0.0010070278,23.95807,10.556985
2021-01-27,0.015868831,23.99068,10.208485
2021-01-28,0.0,24.041225,10.124905
2021-01-29,0.16652347,23.887714,10.128096
2021-01-30,0.119348444,24.296925,9.859275
2021-01-31,0.04711718,24.952135,9.751633
2021-02-01,0.12336357,26.008968,10.363646
2021-02-02,0.012810167,27.005754,10.597129
2021-02-03,0.10704814,26.76942,11.270042
2021-02-04,0.33970475,26.11251,11.679607
2021-02-05,0.57455045,25.969124,11.25676
2021-02-06,0.048514422,25.745262,11.272509
2021-02-07,0.06475078,26.003845,10.888482
2021-02-08,0.0061479714,27.074718,10.588879
2021-02-09,0.0,27.778463,10.952581
2021-02-10,0.034237094,28.316963,11.468033
2021-02-11,0.00038267288,28.208158,11.902868
2021-02-12,0.0,28.192005,12.648602
2021-02-13,0.0,28.40878,13.016046
2021-02-14,0.0,28.729874,13.3034
2021-02-15,0.052316744,28.621984,13.624631
2021-02-16,0.10433971,28.181982,13.967132
2021-02-17,0.87674797,27.726023,13.962409
2021-02-18,0.17329755,28.397984,14.036382
2021-02-19,0.916171,27.668684,14.253309
2021-02-20,0.49288824,28.060646,14.153732
2021-02-21,0.52205205,28.994244,14.0129175
2021-02-22,0.5003725,29.824213,14.258384
2021-02-23,0.2755492,30.56743,14.584792
2021-02-24,0.049855817,31.025932,14.659774
2021-02-25,0.055138808,31.70663,15.551393
2021-02-26,0.21510877,31.525137,16.448793
2021-02-27,1.0696098,30.855722,16.840546
2021-02-28,0.722184,30.851892,16.397686
2021-03-01,0.41054755,31.014822,16.188696
2021-03-02,0.53391993,30.895252,15.639123
2021-03-03,0.13924842,31.188051,14.714038
2021-03-04,0.061088923,31.890762,14.736325
2021-03-05,0.20421481,31.59426,15.601213
2021-03-06,0.6848765,31.775764,15.64631
2021-03-07,0.6535844,31.97082,16.286028
2021-03-08,0.6751292,31.75126,17.29233
2021-03-09,0.45851547,32.120644,17.712683
2021-03-10,0.2811838,32.11695,18.084143
2021-03-11,0.8961802,31.904034,17.728292
2021-03-12,1.4024642,30.747955,17.957039
2021-03-13,1.2910899,30.751898,16.687475
2021-03-14,0.41867167,31.445417,16.746714
2021-03-15,0.20502326,32.27222,17.34331
2021-03-16,0.024302395,32.792343,17.697987
2021-03-17,0.123572335,33.06039,18.160162
2021-03-18,0.09189501,33.53086,18.543829
2021-03-19,0.21594983,32.40782,18.63387
2021-03-20,0.21813363,32.972645,18.307219
2021-03-21,0.4341025,33.11425,18.459568
2021-03-22,0.97263724,33.202232,18.666779
2021-03-23,1.5673639,31.948586,18.560524
2021-03-24,0.9913888,33.003468,18.25194
2021-03-25,0.75430924,33.070236,18.243366
2021-03-26,0.22215837,33.797974,17.975187
2021-03-27,0.017355615,34.676876,18.203165
2021-03-28,0.107850336,35.35321,19.185242
2021-03-29,0.4228731,35.77313,20.145313
2021-03-30,0.8987645,35.112198,20.404642
2021-03-31,1.0931363,34.73088,20.067123
2021-04-01,1.2683176,34.50111,18.918589
2021-04-02,1.1811254,34.62774,18.34644
2021-04-03,0.30382442,34.902863,18.382586
2021-04-04,0.34790787,35.587345,19.104336
2021-04-05,0.38223526,35.323795,19.897852
2021-04-06,0.5117054,35.494144,20.62283
2021-04-07,1.3587809,35.19159,20.74258
2021-04-08,0.2098161,34.474472,20.750362
2021-04-09,0.6426333,34.411198,20.237019
2021-04-10,0.8534769,35.151035,20.175966
2021-04-11,1.4073337,35.022243,20.273264
2021-04-12,0.9946649,35.440002,20.82077
2021-04-13,0.8998585,35.870384,20.694519
2021-04-14,0.94274044,35.489555,20.911856
2021-04-15,1.984539,34.66906,21.087694
2021-04-16,1.3166409,34.72499,20.959429
2021-04-17,2.6110716,33.466793,20.812315
2021-04-18,1.4824655,34.451492,20.570684
2021-04-19,1.8099784,35.194687,20.702955
2021-04-20,0.9582087,34.404457,21.341652
2021-04-21,1.3021356,33.448757,21.300236
2021-04-22,2.7226894,33.12249,20.258368
2021-04-23,2.7558317,33.947056,20.376144
2021-04-24,1.510329,35.1543,20.051687
2021-04-25,0.25329384,36.359627,21.006147
2021-04-26,0.20718357,36.91916,21.128584
2021-04-27,0.27095187,37.401756,21.893944
2021-04-28,0.5390365,37.658394,22.164982
2021-04-29,0.27654693,37.335632,22.904554
2021-04-30,0.75562215,36.888775,22.862926
2021-05-01,0.93892825,35.966457,22.924297
2021-05-02,1.0363947,35.17039,22.804903
2021-05-03,1.8451027,34.795868,22.016308
2021-05-04,2.9668615,34.580727,22.118912
2021-05-05,1.778519,34.95093,22.46488
2021-05-06,2.076101,35.144073,22.523277
2021-05-07,2.3516319,34.502205,22.518478
2021-05-08,3.1671355,35.014244,22.390886
2021-05-09,1.0342617,35.343388,23.095959
2021-05-10,3.0555298,34.989975,22.629911
2021-05-11,2.1918385,34.319607,22.694847
2021-05-12,4.2851644,33.939377,22.319334
2021-05-13,4.668493,32.955997,21.939291
2021-05-14,3.608725,34.46328,21.897291
2021-05-15,3.7065716,34.619545,22.826777
2021-05-16,3.9283412,34.73651,23.47462
2021-05-17,3.9358082,34.028103,23.491632
2021-05-18,4.2438188,32.13481,23.133558
2021-05-19,8.97494,31.41804,22.4496
2021-05-20,8.671771,32.829155,22.111963
2021-05-21,7.1037555,33.638027,22.272774
2021-05-22,4.2052617,34.35728,22.591793
2021-05-23,1.834289,34.459908,22.996702
2021-05-24,1.0953857,35.524765,23.20989
2021-05-25,2.1920319,35.210037,23.330338
2021-05-26,4.3234925,35.381813,23.432419
2021-05-27,6.5843344,35.088806,23.751642
2021-05-28,6.5466175,35.365707,24.149452
2021-05-29,3.7711673,35.87881,24.606651
2021-05-30,2.8794825,35.827408,24.004473
2021-05-31,3.2362378,35.40646,24.56878
2021-06-01,4.5614367,33.884888,23.632633
2021-06-02,4.108655,34.282795,23.125381
2021-06-03,5.5348864,34.14492,23.162487
2021-06-04,4.4204497,34.49836,23.7292
2021-06-05,4.9974556,34.129578,23.570675
2021-06-06,4.6862817,34.609097,23.624352
2021-06-07,2.6871507,35.21413,24.563198
2021-06-08,3.3791778,36.015293,25.152052
2021-06-09,5.6208587,34.883965,24.82269
2021-06-10,4.642505,34.06863,24.666285
2021-06-11,6.3755507,33.73313,24.110159
2021-06-12,6.6996384,33.4762,23.874266
2021-06-13,7.4345036,33.050335,23.573708
2021-06-14,9.103978,32.974075,23.726349
2021-06-15,9.531058,33.145996,23.972208
2021-06-16,10.122853,32.34112,23.338583
2021-06-17,9.53272,32.29272,23.34105
2021-06-18,10.253867,31.639854,23.41285
2021-06-19,10.790394,31.429626,23.298878
2021-06-20,9.383013,32.4696,23.069338
2021-06-21,4.851998,33.354813,23.371622
2021-06-22,2.4792383,34.098267,24.110115
2021-06-23,5.755552,33.522396,24.124203
2021-06-24,6.388945,32.928196,23.948498
2021-06-25,6.2610207,33.363758,23.656767
2021-06-26,4.1361914,33.14764,23.565926
2021-06-27,6.043243,33.056988,23.80809
2021-06-28,6.1338058,33.971252,24.152657
2021-06-29,5.1810355,34.72328,24.715734
2021-06-30,4.3288245,34.945072,25.37161
2021-07-01,4.512324,34.00947,25.234495
2021-07-02,6.7637877,33.27457,24.53102
2021-07-03,5.226469,33.3966,23.893297
2021-07-04,4.1276336,34.20008,24.209341
2021-07-05,4.6500597,34.18478,24.372269
2021-07-06,3.42713,34.93896,24.750809
2021-07-07,3.3482316,35.183956,25.281227
2021-07-08,8.253469,33.401165,24.72549
2021-07-09,6.559217,33.501686,24.301584
2021-07-10,5.6768165,33.35681,24.843353
2021-07-11,6.388458,32.695576,24.829662
2021-07-12,9.788692,32.248093,24.080574
2021-07-13,9.582977,31.753395,23.754683
2021-07-14,10.350415,31.49687,23.747128
2021-07-15,9.296286,32.094604,23.811083
2021-07-16,5.7803655,33.079758,24.508598
2021-07-17,5.322094,33.08391,24.699743
2021-07-18,8.649343,32.06871,24.801683
2021-07-19,13.748994,31.104143,23.906208
2021-07-20,10.962627,30.759226,23.791388
2021-07-21,11.679567,30.5212,23.509802
2021-07-22,13.722033,30.84038,23.578964
2021-07-23,13.811258,31.26684,24.007164
2021-07-24,11.237403,32.00088,23.974361
2021-07-25,7.6909957,32.02311,24.583445
2021-07-26,8.872721,31.411537,24.516668
2021-07-27,6.7253537,30.632296,24.298061
2021-07-28,10.547096,30.1237,23.73932
2021-07-29,10.028322,29.693161,23.56001
2021-07-30,11.071488,29.863585,23.609922
2021-07-31,10.541881,30.277597,23.703966
2021-08-01,8.747449,30.593782,23.68918
2021-08-02,8.1038,30.797184,23.552895
2021-08-03,7.689942,31.145061,23.617407
2021-08-04,6.4086366,31.428852,23.742086
2021-08-05,5.171817,31.895247,23.84545
2021-08-06,5.050318,32.079556,23.85655
2021-08-07,6.1264086,32.335278,23.817562
2021-08-08,5.9068027,32.215748,23.997614
2021-08-09,5.277108,32.37542,23.992792
2021-08-10,7.1475363,32.086933,23.85855
2021-08-11,5.0997963,32.176712,24.026386
2021-08-12,5.4455113,32.136574,24.051395
2021-08-13,5.881187,32.3592,24.025473
2021-08-14,5.7479606,32.154808,23.714426
2021-08-15,4.735798,32.041218,23.622393
2021-08-16,4.961857,32.0967,23.458572
2021-08-17,6.0154824,31.674612,23.756426
2021-08-18,8.289945,31.57891,23.655878
2021-08-19,8.452011,31.243319,23.74147
2021-08-20,8.23543,30.612677,23.568218
2021-08-21,6.6718216,30.529566,23.228579
2021-08-22,6.418927,31.316324,23.246454
2021-08-23,5.323194,31.93148,23.597887
2021-08-24,4.5636277,32.35829,23.829466
2021-08-25,4.901438,32.2888,24.060833
2021-08-26,7.2662387,31.690313,23.58449
2021-08-27,7.2134304,31.46877,23.451464
2021-08-28,6.8868384,31.142473,23.285156
2021-08-29,6.5951223,31.225786,23.290155
2021-08-30,7.2212286,31.078114,23.105263
2021-08-31,7.7785125,31.096947,23.068602
2021-09-01,7.447253,31.100315,23.208958
2021-09-02,7.7432485,31.500418,23.236198
2021-09-03,5.7874355,31.450472,23.362513
2021-09-04,6.798101,31.65721,23.06963
2021-09-05,5.989076,32.25799,23.3875
2021-09-06,5.7640676,32.021046,23.843702
2021-09-07,12.335898,31.038809,23.751661
2021-09-08,8.954572,30.938175,23.591293
2021-09-09,7.0824018,31.407417,23.399912
2021-09-10,5.494258,31.253899,23.416555
2021-09-11,9.563712,30.514395,23.136396
2021-09-12,8.6184845,30.952106,23.047983
2021-09-13,10.209907,31.287775,23.264286
2021-09-14,12.879606,31.213062,23.222141
2021-09-15,9.750924,31.105545,23.251833
2021-09-16,7.629483,31.117044,23.16772
2021-09-17,7.6775093,30.77883,22.94803
2021-09-18,4.9051614,31.287737,23.111208
2021-09-19,4.2032566,31.88334,23.369562
2021-09-20,4.4531918,31.946524,23.572678
2021-09-21,7.4819503,31.15674,23.19793
2021-09-22,8.440342,30.63494,22.648987
2021-09-23,6.911476,30.697105,22.770506
2021-09-24,7.8198795,31.448614,22.745716
2021-09-25,4.068462,31.880363,22.968353
2021-09-26,4.9198394,31.64012,22.993689
2021-09-27,6.0469027,31.339123,23.186338
2021-09-28,8.471875,31.399513,22.926825
2021-09-29,8.038022,31.164492,22.950314
2021-09-30,6.8007774,31.646603,22.922094
2021-10-01,5.771433,32.021618,23.125559
2021-10-02,5.8155932,31.900526,22.92138
2021-10-03,5.4195175,31.847893,22.762136
2021-10-04,3.9012632,32.035805,22.735527
2021-10-05,4.145248,31.937613,22.487043
2021-10-06,3.9610252,32.230507,22.506454
2021-10-07,2.4603167,33.013226,22.566793
2021-10-08,1.7226015,33.10505,22.61327
2021-10-09,3.1553228,32.78542,22.229536
2021-10-10,2.4457424,32.827793,22.022148
2021-10-11,2.0451677,32.461388,21.665018
2021-10-12,2.7460406,32.605827,21.571064
2021-10-13,1.8732238,32.80814,21.28966
2021-10-14,1.0689638,32.782246,20.951307
2021-10-15,0.77664465,33.000725,20.603065
2021-10-16,1.9781991,32.887257,20.821602
2021-10-17,5.4573817,30.531729,21.760416
2021-10-18,9.943071,29.683773,21.47036
2021-10-19,10.424332,30.185926,20.627811
2021-10-20,6.4697413,30.659796,20.175638
2021-10-21,3.8952785,31.165604,19.471663
2021-10-22,1.8396934,31.186306,18.920376
2021-10-23,1.4179554,29.925644,18.808659
2021-10-24,2.9855063,29.312704,18.67714
2021-10-25,1.7342482,29.524576,18.195267
2021-10-26,0.68351084,29.513529,18.1233
2021-10-27,0.30206472,29.723045,17.891634
2021-10-28,0.4775305,29.635103,17.43031
2021-10-29,0.47805965,29.67034,16.85663
2021-10-30,2.0107403,29.75555,16.952652
2021-10-31,0.8243759,29.754429,16.72546
2021-11-01,1.3824549,29.522419,16.323973
2021-11-02,2.2426007,29.284502,16.523577
2021-11-03,1.9980817,29.025831,16.733805
2021-11-04,1.3196629,29.158539,16.529129
2021-11-05,1.1645821,28.914652,16.211256
2021-11-06,1.2505592,28.824478,15.932284
2021-11-07,1.4949402,28.599342,15.472345
2021-11-08,0.9131489,28.680023,15.139522
2021-11-09,0.90477246,28.90208,14.857006
2021-11-10,1.0941936,28.991104,14.76715
2021-11-11,1.2558361,28.467594,14.945315
2021-11-12,2.610082,28.342281,15.202566
2021-11-13,2.6444669,27.90918,15.878884
2021-11-14,3.2638614,28.159,15.663163
2021-11-15,2.6592965,27.833946,15.39797
2021-11-16,2.176464,27.708498,15.2022085
2021-11-17,1.9868068,27.844688,15.141711
2021-11-18,2.398446,27.28114,15.611689
2021-11-19,5.841324,26.89305,15.784964
2021-11-20,3.446859,27.467796,16.455969
2021-11-21,1.9929366,28.209238,16.674181
2021-11-22,0.95494246,28.458237,16.784523
2021-11-23,1.6008908,28.644009,15.980513
2021-11-24,0.9046989,28.434439,15.370441
2021-11-25,0.41822562,27.906988,14.887319
2021-11-26,1.8337088,27.784632,14.459455
2021-11-27,0.9454017,27.563707,13.974914
2021-11-28,1.0330999,27.30033,14.198905
2021-11-29,1.9746505,26.811285,13.6993265
2021-11-30,1.4861556,26.875582,13.70963
2021-12-01,0.68453074,25.425919,14.24127
2021-12-02,2.8583946,25.029976,14.280722
2021-12-03,0.893373,25.874899,14.224867
2021-12-04,1.0139885,26.508272,14.549557
2021-12-05,1.0957985,26.698444,15.055557
2021-12-06,2.9035707,26.44012,15.134917
2021-12-07,1.2647067,26.407064,14.644269
2021-12-08,0.49469283,26.545662,13.92481
2021-12-09,0.13815749,26.092281,13.897678
2021-12-10,0.744143,25.835808,13.772726
2021-12-11,0.26977462,25.606794,13.140019
2021-12-12,0.30856833,25.55371,12.682328
2021-12-13,0.1703797,25.211533,12.26749
2021-12-14,0.31344852,24.880978,12.110765
2021-12-15,0.08128162,24.644701,11.849131
2021-12-16,0.023397626,24.383682,11.32698
2021-12-17,0.010077651,23.689585,10.9365
2021-12-18,0.03188018,23.417221,10.015936
2021-12-19,0.0,23.555408,9.156651
2021-12-20,0.0027481888,23.981464,8.809959
2021-12-21,0.0,24.901316,8.883513
2021-12-22,0.0,25.32522,9.385751
2021-12-23,0.11662117,25.375698,10.259701
2021-12-24,0.057713185,25.380518,10.863218
2021-12-25,0.0285195,25.168583,11.362306
2021-12-26,0.054898087,24.222607,11.803878
2021-12-27,0.2653664,24.450207,12.304625
2021-12-28,0.6070066,23.29621,12.642035
2021-12-29,3.1691754,22.20789,12.00795
2021-12-30,1.4948119,22.456732,11.237497
2021-12-31,0.7205034,22.879745,11.058344
2022-01-01,0.58646405,23.292936,11.347802
2022-01-02,0.69955564,23.925297,11.859513
2022-01-03,0.07577527,24.184464,11.4801445
2022-01-04,0.48632556,24.142084,11.554082
2022-01-05,1.1850158,22.920223,12.364865
2022-01-06,3.6599505,23.087193,12.961307
2022-01-07,1.557091,23.49324,13.017625
2022-01-08,3.8077235,23.9376,13.20603
2022-01-09,3.609651,22.418243,12.420225
2022-01-10,2.261595,22.787964,11.898718
2022-01-11,1.0849812,22.142628,11.994116
2022-01-12,2.441687,21.592648,12.13469
2022-01-13,2.2644837,21.719746,11.15647
2022-01-14,1.3521571,21.507307,11.016786
2022-01-15,1.085876,21.782288,11.0874
2022-01-16,0.13365035,22.159452,10.950685
2022-01-17,0.12207162,22.223925,11.013647
2022-01-18,0.21455733,22.881626,10.508793
2022-01-19,0.0110863345,23.25033,10.736133
2022-01-20,0.3347524,23.446545,10.944651
2022-01-21,0.24568798,23.94059,11.685678
2022-01-22,0.70682615,23.069649,12.374091
2022-01-23,2.092536,21.766182,12.652731
2022-01-24,2.0532064,21.501753,11.575644
2022-01-25,0.44676417,22.062548,10.591884
2022-01-26,0.47073874,22.061382,10.515061
2022-01-27,0.64200497,22.310045,9.874348
2022-01-28,0.4313029,22.86926,9.240416
2022-01-29,0.058550753,24.40052,8.836234
2022-01-30,0.016809845,25.389309,9.464508
2022-01-31,0.009373118,25.494774,10.201569
2022-02-01,0.1848493,25.129541,11.230976
2022-02-02,0.52858526,25.638767,11.387534
2022-02-03,0.62336147,24.239498,12.509302
2022-02-04,3.4780848,22.89665,11.9812155
2022-02-05,3.5680187,23.649956,9.997763
2022-02-06,0.9648058,24.791428,10.042745
2022-02-07,0.3113618,25.619446,11.013081
2022-02-08,0.024713354,26.009216,11.68286
2022-02-09,0.33362195,25.336779,12.699075
2022-02-10,0.5861082,24.755508,12.127063
2022-02-11,0.51729107,24.966927,11.644989
2022-02-12,0.42748973,25.898586,10.93928
2022-02-13,0.13378745,26.547684,10.766054
2022-02-14,0.004112083,26.840385,11.469111
2022-02-15,0.0126707405,26.93648,12.125115
2022-02-16,0.03159084,27.040218,12.371968
2022-02-17,0.11199042,27.467093,12.892554
2022-02-18,0.016263269,27.824493,13.098287
2022-02-19,0.0392848,27.996067,13.442864
2022-02-20,0.29287094,27.588804,13.62001
2022-02-21,0.68458414,28.058197,12.6780615
2022-02-22,0.19050656,28.584726,13.338207
2022-02-23,1.3101838,28.228895,14.513006
2022-02-24,0.69123375,28.29961,14.788407
2022-02-25,1.0337446,28.465542,14.633933
2022-02-26,1.1554435,27.884087,14.483404
2022-02-27,0.651705,28.16886,14.430686
2022-02-28,0.42996666,28.386246,14.243003
2022-03-01,0.18444549,28.987574,14.330743
2022-03-02,0.18594919,29.5994,14.414004
2022-03-03,0.051531892,29.39659,14.862603
2022-03-04,0.4342851,29.741945,14.710885
2022-03-05,0.0684851,29.914469,15.072277
2022-03-06,0.0019662438,30.296247,15.382342
2022-03-07,0.23309833,30.714186,15.982233
2022-03-08,0.30805436,31.193521,16.424824
2022-03-09,0.2344501,31.694191,16.66936
2022-03-10,0.097417824,31.88788,16.656918
2022-03-11,0.0121217165,32.185047,16.858223
2022-03-12,0.024129082,32.528343,16.885908
2022-03-13,0.00095280074,33.50544,16.983242
2022-03-14,0.0,34.39431,17.60568
2022-03-15,0.020627396,34.8942,18.186916
2022-03-16,0.030095343,35.46268,18.955687
2022-03-17,0.04862592,35.48131,19.45833
2022-03-18,0.011885375,35.48297,20.087069
2022-03-19,0.2767827,34.992393,20.30975
2022-03-20,0.26143682,34.67756,20.528965
2022-03-21,0.6065082,34.958763,20.51081
2022-03-22,0.58989275,34.818142,20.288492
2022-03-23,0.17983232,34.869343,20.11207
2022-03-24,0.65479034,34.085884,20.595402
2022-03-25,1.3538203,33.799328,20.320734
2022-03-26,1.960343,34.40895,20.359133
2022-03-27,0.91228557,35.335903,19.822159
2022-03-28,0.38931596,35.62347,20.129473
2022-03-29,0.2950952,35.901134,20.409704
2022-03-30,0.20016135,35.68656,20.711462
2022-03-31,0.7962949,35.71499,20.938263
2022-04-01,2.567723,35.402092,21.047558
2022-04-02,2.1910343,35.404236,20.895046
2022-04-03,1.0638356,35.583633,21.23596
2022-04-04,3.3811288,35.908638,20.963713
2022-04-05,2.7554674,35.859,20.975878
2022-04-06,1.5500209,36.10896,20.914362
2022-04-07,1.0828586,36.467678,20.993189
2022-04-08,0.94352406,36.542694,21.33666
2022-04-09,1.2215602,36.459118,21.676683
2022-04-10,1.3010597,36.18701,22.096874
2022-04-11,1.7203856,36.427174,22.206669
2022-04-12,0.66196775,36.23596,22.729939
2022-04-13,1.1563921,35.78267,22.967567
2022-04-14,3.1449203,35.73805,22.431707
2022-04-15,3.1477911,36.351097,21.991262
2022-04-16,1.4472394,36.7,22.070854
2022-04-17,2.3085997,36.842182,21.73854
2022-04-18,1.9923939,37.09621,21.909054
2022-04-19,0.5805957,37.03602,23.003672
2022-04-20,1.8221037,36.442654,22.889822
2022-04-21,0.4399126,35.17531,23.57575
2022-04-22,1.1989856,35.353554,22.332232
2022-04-23,1.5262855,36.074116,22.186695
2022-04-24,1.8946532,36.681145,22.309696
2022-04-25,1.0288429,37.243927,22.627148
2022-04-26,0.97443163,37.514816,22.897253
2022-04-27,0.70854604,38.06356,22.870687
2022-04-28,0.48523885,38.541115,23.365328
2022-04-29,0.5708253,38.19195,24.0597
2022-04-30,1.6479554,37.424133,23.94542
2022-05-01,0.8182257,37.44143,23.758959
2022-05-02,1.965788,36.698597,23.962942
2022-05-03,1.9009506,35.521626,23.943949
2022-05-04,3.2461157,34.972767,23.21157
2022-05-05,2.0031044,35.61803,22.560427
2022-05-06,1.4772061,36.469536,23.06804
2022-05-07,1.1491947,37.05545,23.116154
2022-05-08,0.5689738,37.481945,24.17892
2022-05-09,1.0482422,37.217655,24.284012
2022-05-10,1.8994126,36.043644,24.45229
2022-05-11,3.485803,35.71029,24.587275
2022-05-12,4.9186454,36.17259,24.683668
2022-05-13,4.467594,36.715576,24.388945
2022-05-14,4.2552667,37.47192,24.543646
2022-05-15,4.778941,37.639694,24.866978
2022-05-16,5.004309,36.31577,25.054003
2022-05-17,5.8816323,36.02753,24.256641
2022-05-18,5.1501436,36.08931,24.206675
2022-05-19,5.6637754,36.208534,24.202124
2022-05-20,5.1357894,35.942684,24.352339
2022-05-21,3.2675943,35.287945,24.111364
2022-05-22,2.265662,35.311344,23.383278
2022-05-23,2.1589384,34.303074,22.888596
2022-05-24,3.3814845,33.94858,22.04101
2022-05-25,2.0184145,35.033627,22.925777
2022-05-26,1.5500128,35.78858,23.752195
2022-05-27,1.7578863,36.04184,23.90538
2022-05-28,1.1502106,36.19358,24.304792
2022-05-29,1.2328432,36.479614,24.484613
2022-05-30,1.1386003,36.71707,24.889587
2022-05-31,1.2275759,37.22289,25.077019
2022-06-01,1.6845492,37.074615,24.582813
2022-06-02,1.8394886,37.840824,25.065393
2022-06-03,2.4407635,37.99433,24.874104
2022-06-04,2.6573138,37.99385,25.271067
2022-06-05,1.8086219,38.073124,25.31047
2022-06-06,3.9707274,37.27067,24.960777
2022-06-07,1.3249792,37.725155,25.536116
2022-06-08,1.5550866,37.761845,26.029875
2022-06-09,3.2462614,37.27952,25.61659
2022-06-10,1.9611157,36.666,25.572525
2022-06-11,2.8179948,36.628685,25.306063
2022-06-12,5.209683,36.0321,24.836664
2022-06-13,4.2829895,36.263744,25.065334
2022-06-14,4.534984,36.17408,25.020906
2022-06-15,8.146105,35.41878,25.052118
2022-06-16,9.684124,34.20666,24.239712
2022-06-17,10.8925495,33.167233,23.631052
2022-06-18,8.7261505,32.102573,23.439272
2022-06-19,10.27979,31.998663,22.879585
2022-06-20,8.762759,32.11898,22.728054
2022-06-21,9.486212,31.474049,22.41713
2022-06-22,5.837489,32.98528,22.776419
2022-06-23,4.808409,33.899067,23.523993
2022-06-24,4.6973443,34.410446,23.830507
2022-06-25,5.318316,34.28817,23.908247
2022-06-26,4.2330427,34.517002,24.844528
2022-06-27,4.4803395,34.023422,24.930777
2022-06-28,6.888961,33.787766,25.239931
2022-06-29,8.060553,33.03342,24.910316
2022-06-30,10.4808,31.682556,24.346106
2022-07-01,10.902042,32.21698,23.920708
2022-07-02,8.7939205,32.2738,24.099018
2022-07-03,9.332798,32.395317,24.070015
2022-07-04,8.753576,32.706245,24.391693
2022-07-05,9.8110695,32.749973,24.652914
2022-07-06,12.759013,32.123566,24.40253
2022-07-07,8.844015,32.597656,24.365074
2022-07-08,12.394842,32.07885,24.408012
2022-07-09,15.184423,31.609756,24.231129
2022-07-10,13.708205,31.16742,23.680265
2022-07-11,13.055362,31.418566,23.935242
2022-07-12,15.305854,31.358686,23.93141
2022-07-13,15.218073,31.470592,24.061636
2022-07-14,14.003091,31.463793,23.95394
2022-07-15,12.85742,32.000732,23.567095
2022-07-16,8.5346985,32.233852,23.927542
2022-07-17,9.72305,31.765345,23.887539
2022-07-18,11.085166,31.676086,24.166214
2022-07-19,8.4522295,32.092266,24.271957
2022-07-20,6.0800743,31.539833,24.238693
2022-07-21,10.499043,30.79458,23.653244
2022-07-22,6.891519,30.979593,23.868542
2022-07-23,11.039596,30.690006,23.89475
2022-07-24,11.895731,30.488176,23.59906
2022-07-25,9.481612,30.49913,23.420412
2022-07-26,9.556743,30.23355,23.305899
2022-07-27,9.996632,30.933813,23.408823
2022-07-28,6.6000743,31.298752,23.687498
2022-07-29,6.1603627,31.745584,23.786171
2022-07-30,7.481114,31.669184,23.71429
2022-07-31,7.3599668,31.494421,23.713657
2022-08-01,8.166184,31.210312,23.582064
2022-08-02,7.674793,31.83524,23.755865
2022-08-03,6.568953,31.867424,23.869513
2022-08-04,8.058032,31.437181,23.827377
2022-08-05,9.881099,31.292526,23.82543
2022-08-06,8.509218,31.432215,23.728428
2022-08-07,9.153393,31.363647,23.778582
2022-08-08,13.008277,31.30833,23.82031
2022-08-09,11.357433,31.349335,24.108759
2022-08-10,11.443347,31.073418,23.900036
2022-08-11,10.951136,30.301336,23.92884
2022-08-12,8.249096,31.506954,23.74978
2022-08-13,7.6746993,31.314001,23.731955
2022-08-14,10.14427,30.552406,23.620258
2022-08-15,16.109636,29.74419,23.196463
2022-08-16,11.30119,30.878534,23.387825
2022-08-17,7.877574,31.648657,23.645868
2022-08-18,5.0273833,32.226402,23.828733
2022-08-19,4.148066,31.538168,23.903767
2022-08-20,10.2941,30.875498,23.736029
2022-08-21,8.227059,31.470928,23.559519
2022-08-22,9.54812,31.423279,23.569809
2022-08-23,9.510463,31.145485,23.692259
2022-08-24,8.3226795,30.93732,23.595747
2022-08-25,6.5535936,31.039299,23.127825
2022-08-26,3.0358515,32.047947,23.425476
2022-08-27,3.9239237,31.971584,23.710003
2022-08-28,6.3259444,31.369047,23.350903
2022-08-29,6.78891,31.599964,23.345995
2022-08-30,5.5932198,32.382114,23.559118
2022-08-31,4.1582,32.679676,23.875385
2022-09-01,6.5128055,32.195812,23.780859
2022-09-02,6.564368,32.396957,23.636534
2022-09-03,3.6556122,32.808353,23.878048
2022-09-04,6.4514265,32.12468,23.538658
2022-09-05,7.1295257,32.073563,23.360601
2022-09-06,5.5484347,32.548546,23.297716
2022-09-07,4.5431967,32.841568,23.515636
2022-09-08,5.2777205,32.555904,23.84012
2022-09-09,4.5539336,32.893482,23.650198
2022-09-10,5.810334,32.300346,23.933105
2022-09-11,9.211405,31.367897,23.345516
2022-09-12,10.715312,30.734827,22.938553
2022-09-13,10.08729,30.42242,22.895323
2022-09-14,9.112855,30.410706,23.09658
2022-09-15,10.210512,30.405888,22.936329
2022-09-16,9.6179085,30.615154,22.638527
2022-09-17,6.210133,31.277964,22.763958
2022-09-18,3.2030354,32.155903,22.59671
2022-09-19,3.5862503,31.932566,22.829504
2022-09-20,5.9663625,31.365168,22.828136
2022-09-21,5.457066,31.233692,22.765764
2022-09-22,6.43704,30.76341,22.599365
2022-09-23,5.5670667,30.487011,22.50739
2022-09-24,6.9357767,30.195654,22.29057
2022-09-25,6.803433,30.52523,22.111696
2022-09-26,3.9625695,31.20312,22.06698
2022-09-27,3.1809177,31.945034,21.966183
2022-09-28,2.130978,32.10521,22.39534
2022-09-29,3.15532,32.0609,22.366262
2022-09-30,2.8748803,32.251453,22.210264
2022-10-01,2.4209917,32.253605,22.208797
2022-10-02,2.3782408,32.107483,21.994257
2022-10-03,2.1196384,31.875639,21.903534
2022-10-04,2.9834201,31.45343,21.910788
2022-10-05,6.055543,31.380074,22.02136
2022-10-06,8.956627,30.309622,21.586147
2022-10-07,9.209006,29.893991,21.644701
2022-10-08,7.094464,30.010147,21.652489
2022-10-09,7.84572,30.064253,21.58381
2022-10-10,9.969218,29.653664,21.65223
2022-10-11,9.806695,29.689573,21.086111
2022-10-12,7.489126,30.018997,20.852966
2022-10-13,5.623858,30.648039,20.382416
2022-10-14,3.222025,30.788967,20.126488
2022-10-15,3.8995333,31.05465,19.536871
2022-10-16,2.1038659,31.426287,19.483156
2022-10-17,2.3378506,31.46716,19.78624
2022-10-18,2.6779983,31.133884,19.707024
2022-10-19,2.355098,31.086136,19.08002
2022-10-20,2.2686756,30.562637,19.169846
2022-10-21,2.211546,30.779402,18.842989
2022-10-22,1.0273025,30.977537,18.335716
2022-10-23,0.18067451,30.798376,17.77152
2022-10-24,0.5504032,29.962208,17.384119
2022-10-25,4.042498,30.192335,16.895967
2022-10-26,1.8260202,30.69239,17.029768
2022-10-27,0.27915135,30.799004,17.036201
2022-10-28,0.07447209,30.676731,17.039248
2022-10-29,0.24655968,30.489033,16.831963
2022-10-30,0.2991274,30.429045,16.684433
2022-10-31,0.16445206,30.320637,16.471312
2022-11-01,0.8002318,30.009157,16.768103
2022-11-02,1.211754,30.182043,17.11707
2022-11-03,1.2719921,30.400415,17.177223
2022-11-04,0.71743524,31.002531,17.28292
2022-11-05,0.70357704,30.86421,17.367304
2022-11-06,0.73442996,30.346012,17.191011
2022-11-07,1.0524765,29.878199,17.102354
2022-11-08,0.2675486,29.404732,16.828083
2022-11-09,0.33654115,29.000118,16.573454
2022-11-10,0.660533,29.048317,16.291986
2022-11-11,0.5000965,28.563011,16.071674
2022-11-12,2.3235137,28.474081,15.488413
2022-11-13,1.3074138,28.344196,14.841349
2022-11-14,1.071557,27.947582,14.790197
2022-11-15,1.1590363,28.457281,14.605067
2022-11-16,0.15606375,28.335096,14.293651
2022-11-17,0.047842916,27.979132,13.90551
2022-11-18,0.111202836,27.796127,13.180182
2022-11-19,0.0021044572,27.43224,12.941062
2022-11-20,0.06413933,27.42204,12.610866
2022-11-21,0.039277326,27.580763,13.025639
2022-11-22,0.07342305,27.957005,13.281033
2022-11-23,0.4058259,28.021776,13.667083
2022-11-24,0.571314,28.267572,13.455769
2022-11-25,0.2180371,28.22522,13.339434
2022-11-26,0.047538348,28.202461,13.206968
2022-11-27,0.1304984,28.124647,12.950964
2022-11-28,0.40026927,27.881891,12.82606
2022-11-29,0.4735159,27.788778,12.941608
2022-11-30,0.14618719,27.787743,12.946977
2022-12-01,0.08086643,27.745056,13.092416
2022-12-02,0.054561004,27.62089,13.362519
2022-12-03,0.11359711,27.548033,13.609768
2022-12-04,0.2288585,27.324009,13.532126
2022-12-05,0.7124843,27.044998,13.193786
2022-12-06,0.020323256,26.813168,12.717304
2022-12-07,0.0014692156,26.231756,12.15397
2022-12-08,0.0,26.013374,11.7617655
2022-12-09,0.26673087,26.013617,11.681351
2022-12-10,2.1537373,25.841858,12.294225
2022-12-11,2.357505,26.608784,13.432791
2022-12-12,1.6742753,26.971327,14.29949
2022-12-13,1.366018,27.175003,14.866758
2022-12-14,0.75694126,26.909155,14.436461
2022-12-15,0.29637608,26.888216,13.585534
2022-12-16,0.030380348,27.149576,13.129189
2022-12-17,0.0038290443,27.090038,12.752215
2022-12-18,0.0052525355,26.827993,12.542713
2022-12-19,0.00816956,26.451252,11.958458
2022-12-20,0.013601617,26.017738,11.949963
2022-12-21,0.0077549154,25.748096,11.676283
2022-12-22,0.025488343,25.356905,11.636141
2022-12-23,7.35121e-05,25.339409,11.27336
2022-12-24,0.0072663995,25.196682,11.030711
2022-12-25,0.19135727,24.107103,11.334382
2022-12-26,0.8377372,24.269482,11.902539
2022-12-27,0.7785114,24.50033,12.38395
2022-12-28,0.35991374,25.112516,11.895437
2022-12-29,0.046525173,24.87127,11.694019
2022-12-30,0.659408,25.254137,11.963553
2022-12-31,0.05973168,24.36366,11.561645
2023-01-01,0.0024647317,23.748446,11.119709
2023-01-02,0.0064987517,23.332273,10.915228
2023-01-03,0.0029469784,22.285519,10.904441
2023-01-04,0.007733979,21.711613,10.877877
2023-01-05,0.049690075,21.550112,10.3232765
2023-01-06,0.02295819,22.18307,10.301049
2023-01-07,0.004483037,23.405458,10.344165
2023-01-08,0.014535386,24.15554,9.755445
2023-01-09,0.26090547,24.42823,9.703518
2023-01-10,0.008168253,24.914608,9.778987
2023-01-11,0.11185594,24.506184,10.218057
2023-01-12,0.42400268,24.764992,10.766899
2023-01-13,0.39699903,23.851776,10.969187
2023-01-14,0.72392225,23.46967,10.642584
2023-01-15,0.050628036,23.03616,9.755197
2023-01-16,0.030296221,23.31647,8.895735
2023-01-17,0.061143186,23.25239,9.01461
2023-01-18,0.142615,23.689302,9.129211
2023-01-19,0.08501211,24.30934,9.972302
2023-01-20,0.45810598,24.12352,10.86399
2023-01-21,0.46239358,25.096731,11.082407
2023-01-22,0.07499929,25.053318,11.566453
2023-01-23,0.042798344,25.372293,11.837803
2023-01-24,0.20680894,25.015371,12.250837
2023-01-25,1.6502397,24.816643,12.624229
2023-01-26,0.93827766,24.89479,12.28769
2023-01-27,0.10191599,25.385843,11.974745
2023-01-28,0.0039134566,26.231998,11.529666
2023-01-29,0.29794583,25.406448,12.081352
2023-01-30,2.2958806,25.16443,13.232727
2023-01-31,1.4730186,25.633104,13.332298
2023-02-01,0.014049931,25.473768,13.050078
2023-02-02,0.07807564,26.287764,11.745083
2023-02-03,0.34427968,27.00285,11.469051
2023-02-04,0.23109907,27.572475,11.623534
2023-02-05,0.0258583,28.064173,11.8982725
2023-02-06,0.26075423,27.943232,12.47572
2023-02-07,0.4642327,27.638056,12.8213415
2023-02-08,0.3364579,27.44764,12.667652
2023-02-09,0.10569924,27.904957,12.595252
2023-02-10,1.3974822,28.708641,13.242415
2023-02-11,0.34805065,28.417116,13.519534
2023-02-12,0.24195297,27.598751,13.1008215
2023-02-13,0.6981279,27.196047,11.401644
2023-02-14,0.047404446,28.407581,11.070702
2023-02-15,0.0,29.613506,11.966946
2023-02-16,0.013622731,30.05954,12.97664
2023-02-17,0.0022955013,30.154453,14.029564
2023-02-18,0.004813517,30.376637,14.357721
2023-02-19,0.0010099,30.677883,14.986963
2023-02-20,0.13189168,30.937082,15.465594
2023-02-21,0.349307,30.77746,15.594481
2023-02-22,1.1170102,30.457697,15.174722
2023-02-23,0.9323991,30.356894,14.72283
2023-02-24,0.561936,30.540184,14.629578
2023-02-25,0.100642025,31.086262,14.546517
2023-02-26,0.13048358,31.059893,14.89403
2023-02-27,0.0801459,31.114527,15.093157
2023-02-28,0.15950906,30.49528,15.34397
2023-03-01,0.1931478,30.650448,16.129055
2023-03-02,0.17217012,31.194796,16.142857
2023-03-03,0.24909234,31.7255,16.103306
2023-03-04,0.036861025,31.680105,16.438545
2023-03-05,0.23518486,31.450762,16.633429
2023-03-06,0.2259762,31.49512,16.612652
2023-03-07,0.7558022,30.398317,16.098995
2023-03-08,0.13709041,30.893087,16.199852
2023-03-09,0.26354194,31.276833,16.111927
2023-03-10,0.0647261,31.535866,16.383944
2023-03-11,0.09279647,32.12368,16.453306
2023-03-12,0.050937787,32.68183,16.940699
2023-03-13,0.07078207,32.996155,17.358885
2023-03-14,0.119350865,32.96622,17.522932
2023-03-15,0.5511607,31.942595,17.934544
2023-03-16,1.186658,30.420973,18.325869
2023-03-17,1.9889063,28.495335,17.60392
2023-03-18,2.2370894,28.077473,17.356125
2023-03-19,5.5757594,27.350441,16.56054
2023-03-20,5.071348,27.202955,16.48329
2023-03-21,3.995439,27.984625,16.346308
2023-03-22,2.4314163,29.259617,16.50917
2023-03-23,1.4070213,30.14615,17.113386
2023-03-24,0.91580284,30.406036,17.727427
2023-03-25,2.0351555,30.421888,17.986053
2023-03-26,0.89964736,30.966187,18.157265
2023-03-27,1.277986,31.332977,17.771194
2023-03-28,1.2854402,32.051804,17.713549
2023-03-29,0.701491,32.329304,18.389622
2023-03-30,0.42283857,32.02376,19.236607
2023-03-31,1.9811081,29.521193,18.756401
2023-04-01,3.8447828,29.366291,18.022446
2023-04-02,3.0585155,31.070236,17.74836
2023-04-03,1.8054866,31.49557,18.43278
2023-04-04,1.4764695,31.784996,19.092754
2023-04-05,1.2853855,32.607834,19.007109
2023-04-06,0.85254496,33.177986,19.08034
2023-04-07,0.5974085,33.293358,19.165678
2023-04-08,0.46171257,33.65751,19.312119
2023-04-09,0.28413758,34.487213,19.302185
2023-04-10,0.4490547,35.015083,19.595552
2023-04-11,0.15091479,35.568226,19.843992
2023-04-12,0.026121747,36.206635,20.485176
2023-04-13,0.015517383,36.651237,20.987772
2023-04-14,0.06761952,36.86864,21.646822
2023-04-15,0.14523448,36.784786,21.71595
2023-04-16,0.100324966,36.90309,21.863688
2023-04-17,0.37440914,37.331192,22.148987
2023-04-18,0.488142,37.053707,22.421812
2023-04-19,1.4683505,36.011593,22.175695
2023-04-20,2.972982,35.214237,21.882353
2023-04-21,2.3200085,33.843353,20.911963
2023-04-22,1.527024,33.874985,20.067945
2023-04-23,2.0176742,32.909157,19.88267
2023-04-24,1.9335387,33.238956,19.39658
2023-04-25,1.1073959,33.670826,20.217512
2023-04-26,2.250689,33.902668,20.432678
2023-04-27,1.8159963,33.50065,20.64115
2023-04-28,2.256534,32.706657,20.751568
2023-04-29,2.6543708,31.304726,20.611137
2023-04-30,3.6743357,30.405733,20.35947
2023-05-01,6.4208307,29.365961,19.388205
2023-05-02,5.309414,30.265234,19.57642
2023-05-03,4.732945,30.751848,20.394762
2023-05-04,3.7076037,31.559465,20.208431
2023-05-05,2.3232796,32.801132,20.892502
2023-05-06,1.8686535,34.10581,21.593475
2023-05-07,2.3062868,34.73832,21.810152
2023-05-08,1.6675285,34.906372,22.173864
2023-05-09,1.9008365,35.830418,21.951967
2023-05-10,1.3368722,36.48021,21.715073
2023-05-11,0.565423,37.228577,21.694658
2023-05-12,0.6755223,37.372402,22.092691
2023-05-13,0.1992262,37.480953,22.8045
2023-05-14,0.26422307,37.174137,23.454243
2023-05-15,0.85849494,36.792156,23.2593
2023-05-16,1.3048954,36.525616,23.186405
2023-05-17,1.6653715,36.586426,23.539673
2023-05-18,1.9551356,35.587284,22.907314
2023-05-19,0.88396937,36.4027,23.52149
2023-05-20,1.8843112,37.31807,23.371008
2023-05-21,1.7043784,37.81579,23.677635
2023-05-22,1.7796813,37.53017,23.987335
2023-05-23,1.0085324,37.14426,24.534815
2023-05-24,1.9771806,35.63621,23.848976
2023-05-25,2.9679067,35.07542,22.80927
2023-05-26,5.072954,34.14982,22.024881
2023-05-27,3.4806864,34.573322,22.31178
2023-05-28,1.400424,35.389782,22.946037
2023-05-29,2.258271,35.425785,22.785406
2023-05-30,2.3187635,34.9057,22.955835
2023-05-31,2.2347507,34.966965,23.033522
2023-06-01,2.7522604,35.389717,23.101662
2023-06-02,1.4733403,36.101204,23.39643
2023-06-03,0.38925895,36.83525,24.095808
2023-06-04,1.5893569,36.200714,23.796179
2023-06-05,1.3523148,36.827393,23.653353
2023-06-06,0.9529218,37.21555,23.999147
2023-06-07,0.80945885,37.37524,24.360508
2023-06-08,0.9505026,37.999954,24.713919
2023-06-09,1.2054973,37.802822,25.102398
2023-06-10,2.2433593,37.39817,25.412329
2023-06-11,4.2850676,36.45186,24.905798
2023-06-12,3.367795,37.025787,25.287352
2023-06-13,2.6247935,37.19593,25.539885
2023-06-14,4.4792633,36.46972,25.434446
2023-06-15,4.960722,36.014942,25.233618
2023-06-16,5.8919487,35.875748,25.119036
2023-06-17,8.718441,35.312897,25.209887
2023-06-18,8.542788,34.657745,25.300215
2023-06-19,7.5109625,34.30232,24.667372
2023-06-20,4.440717,34.768116,24.924152
2023-06-21,6.0694566,34.753086,25.051037
2023-06-22,7.048573,34.207943,25.081886
2023-06-23,5.365706,33.808266,25.058632
2023-06-24,5.1736817,33.662796,25.124905
2023-06-25,7.813981,32.533726,24.285915
2023-06-26,10.975763,31.322096,23.969702
2023-06-27,10.413861,31.595497,23.861197
2023-06-28,11.286818,31.654995,23.928493
2023-06-29,10.204682,31.67863,24.097343
2023-06-30,12.028795,31.787426,23.804632
2023-07-01,10.488708,32.63148,24.054514
2023-07-02,8.677942,32.953247,24.432262
2023-07-03,6.706167,33.41725,24.744482
2023-07-04,6.2496343,33.33327,24.808146
2023-07-05,10.116762,32.18444,24.264532
2023-07-06,12.30954,31.519257,23.944305
2023-07-07,13.497705,31.215868,23.782679
2023-07-08,12.78113,30.327404,23.700512
2023-07-09,14.591745,31.250435,23.760258
2023-07-10,11.263158,31.565708,23.95688
2023-07-11,10.032582,31.465422,24.04601
2023-07-12,8.537306,31.796377,24.023462
2023-07-13,9.288727,32.071896,24.113443
2023-07-14,7.421967,32.325962,24.22907
2023-07-15,7.4434814,31.780243,24.276491
2023-07-16,10.421715,30.919977,24.127838
2023-07-17,8.177939,31.233095,24.200176
2023-07-18,8.252023,31.343002,24.451529
2023-07-19,11.440341,31.449255,24.29111
2023-07-20,10.230742,32.458035,24.550808
2023-07-21,11.256098,32.219772,24.974207
2023-07-22,13.586073,31.115957,24.515476
2023-07-23,12.856805,31.727745,24.282785
2023-07-24,9.371118,31.766415,24.444374
2023-07-25,10.776232,31.307487,24.127838
2023-07-26,10.887634,30.914894,24.039543
2023-07-27,14.364572,30.942133,23.960135
2023-07-28,11.7005625,30.917646,24.140556
2023-07-29,8.698632,30.81492,23.80947
2023-07-30,5.6604877,31.78862,23.876287
2023-07-31,3.8998413,32.4422,24.313578
2023-08-01,5.4407034,32.207626,24.412115
2023-08-02,10.669316,31.099148,24.506008
2023-08-03,11.630003,30.962357,24.07168
2023-08-04,8.973839,31.020813,24.128494
2023-08-05,5.334522,31.438482,24.003513
2023-08-06,5.0156674,31.264954,24.15169
2023-08-07,6.2694607,31.138964,24.165422
2023-08-08,4.3480873,31.401342,24.035416
2023-08-09,5.172776,31.695467,23.966343
2023-08-10,4.3926377,31.999687,23.992846
2023-08-11,3.7182724,32.337048,24.110558
2023-08-12,3.8184083,32.045372,24.148405
2023-08-13,5.381441,31.466467,24.005177
2023-08-14,4.282315,31.692719,23.891447
2023-08-15,2.1342466,32.433197,23.820724
2023-08-16,2.1733437,32.908333,24.172407
2023-08-17,2.8558724,32.53017,24.24186
2023-08-18,7.0450053,31.909918,24.045868
2023-08-19,7.858719,31.312517,24.087791
2023-08-20,5.7965317,32.10088,24.184763
2023-08-21,2.6801403,32.41717,24.334936
2023-08-22,5.0266294,31.708324,24.522816
2023-08-23,10.372977,30.878395,23.92463
2023-08-24,6.939146,30.82927,23.58049
2023-08-25,6.5290236,31.44891,23.498724
2023-08-26,5.608702,31.383215,23.288952
2023-08-27,5.178305,32.115868,23.338722
2023-08-28,4.309875,32.119976,23.195152
2023-08-29,1.5694116,32.77164,23.058117
2023-08-30,1.220757,33.45248,23.337074
2023-08-31,1.1367197,34.041798,23.92429
2023-09-01,1.7688177,34.19643,24.441774
2023-09-02,2.2385485,33.983765,24.613846
2023-09-03,4.3652287,33.57506,24.014679
2023-09-04,6.149152,32.832253,23.620995
2023-09-05,4.9882,32.78165,23.514977
2023-09-06,5.584119,32.99158,23.469656
2023-09-07,7.541392,32.331566,23.629807
2023-09-08,9.381649,31.675093,23.594713
2023-09-09,8.905002,31.594652,23.57802
2023-09-10,6.442493,31.806822,23.57177
2023-09-11,6.400554,32.091396,23.646324
2023-09-12,4.0608363,32.397736,23.871965
2023-09-13,4.3170347,32.37401,23.980717
2023-09-14,6.3904195,32.181858,24.094862
2023-09-15,8.527672,31.638853,23.810846
2023-09-16,9.26952,31.689524,23.756502
2023-09-17,8.244201,31.515207,23.427654
2023-09-18,6.5043097,31.484766,23.223345
2023-09-19,6.9220676,31.752863,23.079676
2023-09-20,7.587356,31.79463,23.278011
2023-09-21,8.42455,31.209154,23.42736
2023-09-22,10.513103,30.823486,23.14852
2023-09-23,7.682978,31.0325,23.141253
2023-09-24,8.245786,31.032488,22.863644
2023-09-25,5.140551,31.525171,22.562794
2023-09-26,3.1454566,32.1637,22.652159
2023-09-27,3.3719392,32.663055,22.756273
2023-09-28,2.396447,33.08282,22.668175
2023-09-29,2.9008393,32.97931,22.616686
2023-09-30,5.0640683,32.31346,22.261883
2023-10-01,5.530956,31.907713,22.071527
2023-10-02,5.0594797,31.912067,22.125727
2023-10-03,5.4990115,31.976654,21.674679
2023-10-04,5.583685,31.960203,21.227373
2023-10-05,3.827547,32.252266,20.988758
2023-10-06,2.2615683,32.469196,21.041843
2023-10-07,1.4104625,32.942307,21.401428
2023-10-08,1.469163,33.080524,21.829
2023-10-09,1.7439679,33.269268,22.002028
2023-10-10,2.142881,32.82203,21.476334
2023-10-11,1.0241286,33.00759,21.299767
2023-10-12,1.2325046,33.085613,21.024826
2023-10-13,0.6515995,33.13838,20.770391
2023-10-14,0.4204218,32.446964,20.924755
2023-10-15,1.5467147,32.341293,20.69911
2023-10-16,0.84105504,30.95186,20.601305
2023-10-17,3.5146594,30.11893,19.590324
2023-10-18,1.1165291,30.881239,19.210394
2023-10-19,0.15546024,31.27605,19.249304
2023-10-20,0.16350457,31.560564,18.959583
2023-10-21,0.18511425,31.802254,18.829424
2023-10-22,0.21196726,31.158682,18.844345
2023-10-23,0.23565881,31.111185,18.3839
2023-10-24,0.53258705,31.197054,18.387339
2023-10-25,0.34316605,31.346268,18.365414
2023-10-26,0.43592572,31.510122,18.011114
2023-10-27,0.24680507,31.52554,17.568087
2023-10-28,0.10163236,31.33371,17.603489
2023-10-29,0.23601884,31.460272,17.661283
2023-10-30,0.63470644,31.332428,17.783447
2023-10-31,0.5916442,31.305613,18.020367
2023-11-01,0.31908035,31.358665,18.240084
2023-11-02,0.6116185,31.172651,18.17962
2023-11-03,0.5237736,30.825682,18.386646
2023-11-04,1.5341563,30.416807,18.232203
2023-11-05,1.9217824,30.417212,17.816433
2023-11-06,1.3464183,30.38583,17.663946
2023-11-07,1.8947233,30.173162,17.33013
2023-11-08,1.2155557,30.0602,17.209528
2023-11-09,2.3839324,30.10593,17.023565
2023-11-10,1.3464007,29.100624,17.361233
2023-11-11,1.0425454,29.535458,16.696331
2023-11-12,0.095771015,29.306667,16.184994
2023-11-13,0.0038684364,29.21497,15.541174
2023-11-14,0.5790966,28.83233,15.627671
2023-11-15,0.41114292,28.82025,15.430492
2023-11-16,0.16697598,28.868862,15.404735
2023-11-17,0.51542234,28.766554,15.860643
2023-11-18,1.9689461,29.171122,15.928553
2023-11-19,0.29181927,29.11119,16.058052
2023-11-20,0.22878355,29.073526,16.124336
2023-11-21,0.26046574,28.564888,16.11042
2023-11-22,0.9148931,28.507862,15.7243595
2023-11-23,1.6319547,28.119905,15.183827
2023-11-24,0.54756045,28.13986,15.42961
2023-11-25,0.6227752,28.156845,15.350449
2023-11-26,0.6347057,26.987253,15.54605
2023-11-27,4.5331306,25.539673,15.554355
2023-11-28,1.6628062,26.138985,15.670354
2023-11-29,1.2436891,26.770555,15.428559
2023-11-30,1.4370656,26.27424,16.000692
2023-12-01,1.9993416,26.468073,16.039856
2023-12-02,0.532016,26.952826,16.073467
2023-12-03,0.8155983,27.147337,16.016973
2023-12-04,1.8825623,26.127844,15.908495
2023-12-05,3.5371888,25.383438,15.706611
2023-12-06,4.260541,25.363865,15.256261
2023-12-07,3.2595468,24.683271,15.299179
2023-12-08,2.8752153,25.531492,14.684975
2023-12-09,0.8232672,26.048069,14.261544
2023-12-10,0.31131023,25.912241,13.410116
2023-12-11,0.20326948,26.083115,12.864837
2023-12-12,0.06258937,25.861834,12.803634
2023-12-13,0.14086494,25.724922,12.373505
2023-12-14,0.35874194,25.570927,12.012525
2023-12-15,0.0066097905,25.558065,11.857627
2023-12-16,0.09015157,25.325623,11.9783
2023-12-17,0.43759045,24.847805,12.018679
2023-12-18,1.991028,24.44819,12.018423
2023-12-19,0.38931012,24.49389,11.708911
2023-12-20,0.015763095,24.678528,11.165285
2023-12-21,0.06863748,25.498333,11.337964
2023-12-22,0.0862343,25.713507,11.446463
2023-12-23,0.0011423539,25.873823,12.227894
2023-12-24,0.008609107,26.38805,12.152008
2023-12-25,0.077051476,26.578405,12.490023
2023-12-26,0.007904552,26.571396,12.54802
2023-12-27,0.0,26.305342,12.555122
2023-12-28,0.020174272,25.241213,12.725072
2023-12-29,0.028862048,24.829567,12.68642
2023-12-30,0.017901743,24.23454,12.603748
2023-12-31,0.00468697,23.989035,12.501481
2024-01-01,0.00028648382,23.38598,12.029559
2024-01-02,0.003395727,23.178064,11.785426
2024-01-03,0.09702172,23.195887,11.748159
2024-01-04,0.23835665,22.711435,12.032329
2024-01-05,0.6501681,22.796724,12.162943
2024-01-06,0.68354833,23.071741,12.330486
2024-01-07,0.47366032,23.159803,12.44622
2024-01-08,0.94757724,23.314888,12.472509
2024-01-09,0.7541771,23.077068,13.144261
2024-01-10,0.65411866,22.953463,12.754628
2024-01-11,0.0466676,24.441328,12.3064375
2024-01-12,0.00047628445,24.506544,11.687389
2024-01-13,0.0,24.863516,11.800613
2024-01-14,0.0,24.608202,11.442325
2024-01-15,0.0,24.04646,11.06924
2024-01-16,0.005611546,23.451128,10.9112425
2024-01-17,0.026459668,23.059612,11.386266
2024-01-18,0.233575,22.783125,11.422806
2024-01-19,0.22649953,22.7912,11.244434
2024-01-20,0.03408463,22.997766,11.283664
2024-01-21,0.14883658,22.846277,11.16116
2024-01-22,0.07702601,23.506569,10.707753
2024-01-23,0.02964684,23.011913,10.521893
2024-01-24,0.2447407,22.803528,10.481707
2024-01-25,0.5174624,23.361006,10.212644
2024-01-26,0.0384237,24.347013,10.325244
2024-01-27,0.07240669,25.299911,10.679838
2024-01-28,0.011299104,25.236937,11.338247
2024-01-29,0.15027642,25.717623,12.075351
2024-01-30,0.049300868,25.64506,12.197626
2024-01-31,0.5095695,25.366714,13.003894
2024-02-01,1.652188,24.923828,13.8671255
2024-02-02,1.2735233,25.40712,13.276593
2024-02-03,0.7609577,25.554522,13.031732
2024-02-04,0.6783224,25.291632,13.630994
2024-02-05,1.9351255,25.33175,13.923635
2024-02-06,0.5555233,25.435076,13.866302
2024-02-07,0.25548214,25.689943,13.374114
2024-02-08,0.039287806,25.627794,12.339672
2024-02-09,0.0044290693,26.755966,11.443096
2024-02-10,0.0,27.07977,11.977259
2024-02-11,0.047659185,27.40812,12.7205105
2024-02-12,0.31541866,27.288628,12.936869
2024-02-13,0.3139125,27.23618,13.690952
2024-02-14,0.43596846,27.372837,14.037756
2024-02-15,0.2547715,28.003725,14.104622
2024-02-16,0.19447286,28.92508,13.820943
2024-02-17,0.030186106,29.468033,14.1806555
2024-02-18,0.13784897,28.95803,14.580657
2024-02-19,0.91212195,28.955194,15.426484
2024-02-20,3.8551724,28.57738,15.597525
2024-02-21,1.9809334,27.819368,15.527916
2024-02-22,1.0998062,27.077278,15.037843
2024-02-23,1.4969501,27.354065,13.847813
2024-02-24,0.40995285,27.406311,13.343296
2024-02-25,0.29385093,26.904028,13.779234
2024-02-26,0.2404076,27.257793,14.327224
2024-02-27,0.36843747,27.656155,15.342738
2024-02-28,0.9594472,28.517897,14.812442
2024-02-29,0.06627903,29.525621,15.14602
2024-03-01,0.09018246,29.74059,16.305376
2024-03-02,2.5147407,28.176352,16.963924
2024-03-03,4.722401,26.903177,15.596748
2024-03-04,1.8312721,27.343428,14.211903
2024-03-05,0.41484612,28.149618,14.004156
2024-03-06,0.22151643,28.780094,14.287247
2024-03-07,0.12994322,29.617,14.685918
2024-03-08,0.09681178,29.859295,14.832044
2024-03-09,0.069312155,30.265347,15.13602
2024-03-10,0.008104565,30.737234,15.750217
2024-03-11,0.029958954,31.638634,16.837015
2024-03-12,0.097075015,31.851744,17.490952
2024-03-13,0.26936862,31.226051,17.802835
2024-03-14,0.83709115,31.494886,17.533384
2024-03-15,0.35479173,31.58376,17.171175
2024-03-16,0.112532526,31.750381,17.424038
2024-03-17,0.5597469,31.739706,17.476313
2024-03-18,0.43564007,31.90679,17.585588
2024-03-19,0.83124363,31.66313,17.318794
2024-03-20,2.8127522,30.25304,17.045689
2024-03-21,2.0918326,30.372618,17.438816
2024-03-22,1.5501891,31.70944,17.695187
2024-03-23,0.48085797,32.527657,18.147482
2024-03-24,0.54821503,32.447975,19.248016
2024-03-25,0.14976887,33.19585,19.19087
2024-03-26,1.7793356,33.15295,19.168533
2024-03-27,0.6195139,34.05264,20.02005
2024-03-28,0.17410602,34.415554,20.664127
2024-03-29,0.43783867,34.734364,21.045265
2024-03-30,1.3775635,34.313026,21.07389
2024-03-31,1.745825,33.906677,20.698914
2024-04-01,1.9516453,33.957047,20.159508
2024-04-02,0.9385569,34.2657,19.781153
2024-04-03,0.5180221,34.760975,20.486328
2024-04-04,0.50962514,34.829193,21.228323
2024-04-05,0.26382053,35.147892,21.500792
2024-04-06,0.6888596,35.409172,21.331242
2024-04-07,0.861559,34.94,21.225594
2024-04-08,0.9371379,34.579353,20.725395
2024-04-09,0.6208702,35.308823,20.486225
2024-04-10,0.48142633,34.986988,20.926498
2024-04-11,0.77755535,33.917362,20.925705
2024-04-12,0.5990428,34.394123,20.922653
2024-04-13,0.9381536,34.120037,21.277649
2024-04-14,1.1785172,34.070377,21.661669
2024-04-15,0.97796637,35.341595,22.071474
2024-04-16,1.696074,36.054043,23.35422
2024-04-17,1.1134312,36.29955,22.702227
2024-04-18,0.7951093,36.564644,22.433447
2024-04-19,0.9163283,36.257732,22.983982
2024-04-20,1.8764578,35.23373,22.59098
2024-04-21,1.101636,35.800392,22.41542
2024-04-22,1.3813276,35.3304,22.609354
2024-04-23,0.85341203,35.891144,22.409063
2024-04-24,1.3553588,36.476723,21.997185
2024-04-25,1.1729546,37.144665,22.23649
2024-04-26,0.34286395,37.111053,22.967505
2024-04-27,0.7881384,36.11556,23.015076
2024-04-28,1.4192597,36.49311,23.138609
2024-04-29,2.376773,36.336666,23.14442
2024-04-30,2.205721,36.552727,22.656065
2024-05-01,1.2740898,36.056755,22.20684
2024-05-02,1.295384,36.3638,21.386885
2024-05-03,1.0719464,37.17715,21.309881
2024-05-04,0.21929401,37.32683,23.23071
2024-05-05,0.5026754,37.106606,23.548923
2024-05-06,1.6724703,36.89662,23.94352
2024-05-07,1.9510812,36.535725,23.412464
2024-05-08,2.9786882,36.15787,23.012434
2024-05-09,1.2772063,35.527412,23.680267
2024-05-10,2.5289857,35.47274,23.600126
2024-05-11,1.653628,35.682976,23.34535
2024-05-12,2.7696314,35.210667,23.117748
2024-05-13,3.036535,35.883648,23.02638
2024-05-14,1.488962,36.57504,23.196775
2024-05-15,1.2823932,37.002876,23.406889
2024-05-16,1.1600947,37.301228,24.500195
2024-05-17,2.519943,36.757793,24.502344
2024-05-18,2.139178,37.18734,24.874071
2024-05-19,2.711134,37.40305,24.99013
2024-05-20,2.6994636,37.132923,24.947746
2024-05-21,3.0246477,37.42619,24.665848
2024-05-22,2.1604774,37.43531,25.535133
2024-05-23,2.5787,37.398426,25.62299
2024-05-24,1.5409745,37.7372,25.979815
2024-05-25,2.3519752,38.076874,25.844296
2024-05-26,0.8900339,38.300144,26.181292
2024-05-27,3.9119344,37.492676,25.989285
2024-05-28,5.4548326,38.05547,25.98935
2024-05-29,4.4739075,38.35087,26.173145
2024-05-30,2.677269,38.32198,26.648455
2024-05-31,3.4878838,38.250973,26.283386
2024-06-01,1.6089957,37.656273,26.528322
2024-06-02,3.6079254,37.03994,25.141203
2024-06-03,5.769328,36.4403,24.621412
2024-06-04,2.728632,36.77937,24.983627
2024-06-05,2.7126756,36.292866,25.018957
2024-06-06,3.9208899,35.78532,23.983751
2024-06-07,4.234508,36.289585,24.641521
2024-06-08,3.5511696,35.690834,24.582298
2024-06-09,3.7725747,36.17401,24.841368
2024-06-10,3.7467625,36.174183,24.867842
2024-06-11,3.0686674,36.60977,25.309471
2024-06-12,3.541258,36.449768,25.2789
2024-06-13,3.5597887,36.26448,25.579554
2024-06-14,3.6880233,36.381413,25.642864
2024-06-15,3.3714283,36.79102,25.746622
2024-06-16,4.443025,36.988213,25.992823
2024-06-17,4.1274447,36.920586,26.266672
2024-06-18,5.4451284,36.16896,26.122232
2024-06-19,6.681205,35.249588,25.49228
2024-06-20,6.2133956,34.39362,24.236582
2024-06-21,5.264517,33.71171,24.309385
2024-06-22,5.4895806,34.368492,24.52852
2024-06-23,4.792108,34.64499,24.93842
2024-06-24,4.914777,34.70021,25.169851
2024-06-25,5.380111,34.694756,25.277792
2024-06-26,5.5918727,34.16174,25.644363
2024-06-27,8.8779,32.806923,24.842749
2024-06-28,9.999748,32.628952,24.55992
2024-06-29,8.875878,32.444477,24.803549
2024-06-30,12.634734,31.736069,24.31112
2024-07-01,15.150078,31.329607,24.280293
2024-07-02,12.65066,31.603144,24.578094
2024-07-03,8.681121,32.35166,24.690199
2024-07-04,9.912444,31.807705,24.65948
2024-07-05,11.268147,31.320644,24.56734
2024-07-06,13.758269,31.122612,23.766434
2024-07-07,11.008985,31.726545,23.952007
2024-07-08,9.192709,32.15394,24.126667
2024-07-09,7.5718565,32.843864,24.347296
2024-07-10,6.0026107,33.12833,24.799301
2024-07-11,5.1547856,33.198555,24.78242
2024-07-12,8.208666,31.864866,24.362825
2024-07-13,10.538219,31.88435,23.771166
2024-07-14,8.681994,32.273907,24.298717
2024-07-15,9.254862,32.054516,24.487495
2024-07-16,10.390673,32.403206,24.773804
2024-07-17,7.172204,32.397247,25.031872
2024-07-18,7.9842615,32.335033,24.944025
2024-07-19,11.349341,32.26407,24.507782
2024-07-20,12.286409,31.962858,24.719782
2024-07-21,10.547124,32.074707,24.905317
2024-07-22,11.692152,31.59934,24.75458
2024-07-23,11.96836,31.042385,24.466055
2024-07-24,13.215093,31.024395,24.551838
2024-07-25,12.622625,31.296976,24.616125
2024-07-26,9.913939,32.01275,24.650545
2024-07-27,10.027213,31.968998,25.132837
2024-07-28,9.518647,32.3325,25.058039
2024-07-29,7.7429304,31.79993,25.269966
2024-07-30,9.294922,32.43265,25.041862
2024-07-31,8.14781,32.40002,25.125355
2024-08-01,15.071161,30.405788,24.00781
2024-08-02,15.341625,29.974442,23.848503
2024-08-03,15.829672,29.961685,23.867418
2024-08-04,12.963632,30.748755,24.00477
2024-08-05,10.716161,31.118288,23.964128
2024-08-06,10.187123,30.469261,23.893177
2024-08-07,12.4966545,29.756542,23.66966
2024-08-08,10.175477,30.20122,23.595839
2024-08-09,7.584736,30.747725,23.76425
2024-08-10,7.209258,30.643217,23.978567
2024-08-11,9.131526,30.49018,23.795835
2024-08-12,8.024391,31.5679,23.692364
2024-08-13,5.100728,32.421696,24.100754
2024-08-14,5.6275353,32.275013,24.593431
2024-08-15,7.1184874,31.563314,24.379236
2024-08-16,7.8427725,31.861647,24.198671
2024-08-17,7.026944,32.012913,24.321184
2024-08-18,5.1190853,32.197933,24.245197
2024-08-19,5.5526605,32.08147,24.5194
2024-08-20,9.559966,31.570023,23.889843
2024-08-21,7.4824967,31.827028,23.859755
2024-08-22,6.1422777,31.996164,24.044283
2024-08-23,7.7469373,31.355997,23.982653
2024-08-24,12.001834,30.71518,23.699566
2024-08-25,13.272034,30.8003,23.646254
2024-08-26,10.930526,30.9477,23.69928
2024-08-27,14.099147,30.664434,23.116484
2024-08-28,9.643411,30.597668,23.304382
2024-08-29,10.014275,30.6459,23.606325
2024-08-30,7.6430235,31.48251,23.472961
2024-08-31,7.3121953,31.245455,23.453735
2024-09-01,9.89266,31.030231,23.813046
2024-09-02,8.67442,31.15653,23.906319
2024-09-03,8.282734,31.155367,23.804632
2024-09-04,8.341114,30.957796,23.376791
2024-09-05,6.584293,31.405882,23.380466
2024-09-06,6.6110096,31.494701,23.513083
2024-09-07,5.149187,31.73901,23.649796
2024-09-08,5.495882,31.635353,23.79457
2024-09-09,7.3403845,31.804808,23.748095
2024-09-10,8.595479,31.585289,23.928324
2024-09-11,9.407598,31.167862,23.380865
2024-09-12,8.013395,31.406967,23.418926
2024-09-13,4.910696,31.506641,23.25899
2024-09-14,4.9666166,30.956694,22.68971
2024-09-15,5.053262,31.118206,22.437635
2024-09-16,4.9509997,31.514194,22.631882
2024-09-17,5.037438,31.75991,22.812819
2024-09-18,4.4332523,31.843699,22.907757
2024-09-19,1.8820686,32.46052,22.84094
2024-09-20,0.7136379,33.558693,23.38198
2024-09-21,1.1291617,33.634426,23.752024
2024-09-22,2.056087,33.76492,23.87911
2024-09-23,2.308242,34.135036,24.285872
2024-09-24,6.113545,32.822887,23.977247
2024-09-25,7.8938284,31.69464,23.93049
2024-09-26,11.76808,30.121044,23.416046
2024-09-27,12.152913,29.913715,22.963099
2024-09-28,10.258803,30.402264,22.60478
2024-09-29,5.4045534,31.45239,22.785063
2024-09-30,2.5374057,32.461037,23.190802
2024-10-01,1.6833836,33.168568,23.458065
2024-10-02,1.3319638,33.345913,23.589615
2024-10-03,2.5736227,32.738373,23.139935
2024-10-04,4.1546907,32.29235,22.790165
2024-10-05,5.2058935,31.834396,22.494177
2024-10-06,2.7530327,31.686356,22.035536
2024-10-07,1.6807524,32.40254,22.02686
2024-10-08,1.684053,32.425865,22.41046
2024-10-09,2.9408224,31.996742,22.065845
2024-10-10,3.4967296,31.266659,21.822697
2024-10-11,3.4145143,31.21207,21.468033
2024-10-12,4.3901405,31.31521,21.519339
2024-10-13,2.2637095,31.064005,21.406326
2024-10-14,3.3142202,30.698734,21.284248
2024-10-15,3.3805742,31.04173,21.063215
2024-10-16,4.0695477,31.235493,20.86575
2024-10-17,3.4196358,31.592468,20.98055
2024-10-18,1.8439412,31.869097,21.239365
2024-10-19,2.6052077,31.84533,20.987564
2024-10-20,3.8081691,31.426884,20.743206
2024-10-21,2.7991872,31.559149,20.815367
2024-10-22,2.063526,31.725214,20.597895
2024-10-23,1.2555737,31.492807,20.565737
2024-10-24,2.046034,30.743723,20.137266
2024-10-25,2.6016583,30.550951,19.662895
2024-10-26,3.2105372,31.32757,19.74017
2024-10-27,0.7612427,31.82468,20.085318
2024-10-28,0.26889074,32.14229,20.484156
2024-10-29,0.3576323,32.308586,20.983095
2024-10-30,0.7600119,32.143116,20.881346
2024-10-31,1.2829562,32.01877,20.47887
2024-11-01,1.2699784,31.854792,19.874924
2024-11-02,0.65293163,31.790539,19.057724
2024-11-03,0.88617194,31.590355,18.76063
2024-11-04,0.44777495,31.311111,18.664799
2024-11-05,0.4282828,31.186945,18.508158
2024-11-06,0.22280338,31.089575,18.503357
2024-11-07,0.20271505,30.882603,18.610447
2024-11-08,0.2808763,30.8777,18.693016
2024-11-09,0.21050775,30.69314,18.41364
2024-11-10,0.022566741,30.553358,18.134611
2024-11-11,0.02617347,30.301262,17.816738
2024-11-12,0.46576315,29.938171,17.583586
2024-11-13,0.6717851,29.375418,17.469
2024-11-14,0.421641,29.368563,17.106195
2024-11-15,1.3750771,29.020432,16.64243
2024-11-16,0.85407495,28.694609,16.231787
2024-11-17,0.92526585,28.35231,16.09579
2024-11-18,0.34837353,28.086988,15.339287
2024-11-19,0.17947209,27.859177,14.616849
2024-11-20,0.3438417,27.50011,14.200963
2024-11-21,0.6138785,27.420113,13.964522
2024-11-22,0.17269936,27.536325,13.653983
2024-11-23,0.049611967,27.322905,13.899084
2024-11-24,0.28212395,27.167149,14.0633745
2024-11-25,0.07682597,26.884325,13.9972105
2024-11-26,0.11835682,26.953176,13.41543
2024-11-27,0.9716709,26.894754,13.195387
2024-11-28,0.16707373,27.065903,12.89383
2024-11-29,0.13307483,26.892181,12.947064
2024-11-30,0.46823668,26.06278,13.530846
2024-12-01,2.538728,26.394775,13.975881
2024-12-02,2.417527,26.714413,14.262874
2024-12-03,2.668897,27.381887,14.840179
2024-12-04,0.4066308,27.651262,15.067878
2024-12-05,0.6202971,27.530182,14.404785
2024-12-06,0.38351947,27.183533,14.1047535
2024-12-07,0.14261167,26.639538,13.446286
2024-12-08,0.231187,25.99835,13.354291
2024-12-09,0.2923798,24.905268,12.815091
2024-12-10,0.13809194,24.538439,11.772178
2024-12-11,0.045132905,24.713964,10.899408
2024-12-12,0.9368133,24.428736,10.376607
2024-12-13,3.295747,24.499115,10.471222
2024-12-14,0.9469693,24.969831,9.901074
2024-12-15,0.17678122,25.63843,9.498193
2024-12-16,9.645136e-05,26.193571,9.255811
2024-12-17,0.0,26.133385,9.432399
2024-12-18,0.0989009,26.06485,10.3842535
2024-12-19,0.12807095,26.100588,11.14269
2024-12-20,0.38845396,25.62712,12.240582
2024-12-21,1.1244168,25.467281,12.398528
2024-12-22,0.40105784,25.327156,12.493964
2024-12-23,0.11715953,24.160112,12.767926
2024-12-24,0.29306254,24.058857,12.684623
2024-12-25,0.8083387,24.048735,12.83812
2024-12-26,0.7407915,25.30208,13.435167
2024-12-27,0.73869896,24.553526,14.232779
2024-12-28,4.7556434,23.862926,14.075051
2024-12-29,1.7969004,24.135134,13.440999
2024-12-30,0.12239595,23.620094,12.841688
2024-12-31,0.09735299,23.341444,12.327777
2025-01-01,0.027581487,22.995737,11.531496
2025-01-02,0.05603016,24.116484,10.731654
2025-01-03,0.049449857,25.00487,10.717195
2025-01-04,0.0,25.09873,10.844045
2025-01-05,0.001081934,24.537472,11.391439
2025-01-06,0.3754377,24.236994,11.62115
2025-01-07,0.07410471,23.454296,11.848201
2025-01-08,0.89171845,23.333157,10.8597765
2025-01-09,0.0064025316,24.08739,9.950634
2025-01-10,0.0,24.260986,10.675277
2025-01-11,0.038777936,23.75768,11.670076
2025-01-12,0.66052353,23.420345,12.425839
2025-01-13,0.12622835,23.476078,12.2232685
2025-01-14,0.25441092,23.799744,11.77192
2025-01-15,0.062498353,23.611118,11.958586
2025-01-16,0.33545646,23.031136,12.376049
2025-01-17,0.20487662,23.49254,11.873857
2025-01-18,0.013578089,24.29775,11.6580515
2025-01-19,0.46641457,25.834658,11.966464
2025-01-20,0.4661515,26.80538,12.315656
2025-01-21,0.06344059,26.516626,12.3032255
2025-01-22,0.12054901,26.802086,12.250001
2025-01-23,0.05249863,25.859644,12.817152
2025-01-24,0.03728607,25.647991,12.658574
2025-01-25,0.04963331,26.11003,11.957314
2025-01-26,0.0057166866,26.812532,11.205909
2025-01-27,0.0,27.020563,11.027041
2025-01-28,0.0001888507,27.324245,11.655618
2025-01-29,0.041698586,27.419485,12.790408
2025-01-30,0.18101585,27.314024,13.095194
2025-01-31,0.36646664,27.185415,13.367452
2025-02-01,0.13839293,27.092655,13.944377
2025-02-02,0.053821202,27.353626,13.861023
2025-02-03,0.0037915048,27.715284,13.649544
2025-02-04,0.023339452,27.864433,13.666382
2025-02-05,0.41932318,27.448526,13.419102
2025-02-06,0.11017415,26.57874,13.053518
2025-02-07,0.118212916,26.963001,12.449564
2025-02-08,0.039313417,27.805628,12.310181
2025-02-09,0.0024002376,28.812523,12.929409
2025-02-10,0.0015540029,29.014362,13.812449
2025-02-11,0.42009863,28.662308,14.043772
2025-02-12,0.51712096,28.665195,14.276312
2025-02-13,0.45723954,28.245756,13.384856
2025-02-14,0.46774918,28.627493,12.715134
2025-02-15,0.065145336,29.278328,13.48714
2025-02-16,0.12602736,29.521116,13.637287
2025-02-17,0.020963993,29.61765,14.66791
2025-02-18,0.12561974,29.714266,15.255163
2025-02-19,0.23855072,29.53788,15.218211
2025-02-20,0.70067143,28.737795,15.608878
2025-02-21,1.8065456,29.027245,14.710396
2025-02-22,0.23181494,28.671675,15.181924
2025-02-23,0.41798794,29.112495,14.865514
2025-02-24,0.31927764,29.528912,14.394901
2025-02-25,0.28307813,28.981178,15.061972
2025-02-26,0.97316164,29.953876,15.58071
2025-02-27,0.9039319,29.264854,16.304884
2025-02-28,4.178767,29.194431,16.611908
2025-03-01,2.7252915,29.57758,16.757189
2025-03-02,0.9066368,30.057411,16.47658
2025-03-03,0.50554705,29.97555,16.21491
2025-03-04,1.1724615,29.719439,16.15268
2025-03-05,0.18061323,28.800308,14.670767
2025-03-06,0.18362083,29.96775,13.528526
2025-03-07,0.0124502685,30.954935,13.58477
2025-03-08,0.107794,31.410522,14.836943
2025-03-09,0.22557324,31.870213,16.029222
2025-03-10,0.033455186,32.105457,17.195774
2025-03-11,0.53660923,32.532497,17.526138
2025-03-12,1.321532,32.638996,17.988705
2025-03-13,1.3217719,33.046383,18.653028
2025-03-14,1.4109762,32.880604,18.73233
2025-03-15,1.30497,32.42139,18.716818
2025-03-16,1.1345037,32.226357,19.056683
2025-03-17,0.95627344,32.27898,18.392042
2025-03-18,0.55955106,32.646893,17.741632
2025-03-19,0.2676206,33.013874,17.73368
2025-03-20,0.17073582,32.43802,18.451187
2025-03-21,0.63599837,31.559286,18.782948
2025-03-22,1.8513534,31.890467,17.94567
2025-03-23,1.4688945,32.37598,17.58945
2025-03-24,0.53445363,33.33482,18.003006
2025-03-25,0.14065073,33.908302,18.475998
2025-03-26,0.2093274,34.56547,18.887087
2025-03-27,0.5094099,34.53109,19.716694
2025-03-28,0.33573046,33.556896,19.5757
2025-03-29,0.2482709,33.357063,18.353601
2025-03-30,0.1828145,34.156727,18.092514
2025-03-31,0.06820635,34.609016,18.223011
2025-04-01,0.114820406,34.216644,19.163843
2025-04-02,0.49762154,33.779617,19.51587
2025-04-03,0.6443322,33.987064,19.78029
2025-04-04,2.3109958,34.28934,19.801779
2025-04-05,1.0699207,35.623577,19.936037
2025-04-06,0.7030499,36.39202,20.603987
2025-04-07,0.7334447,36.849358,21.163906
2025-04-08,0.12291866,36.725464,22.249817
2025-04-09,0.92645586,36.13658,22.729189
2025-04-10,1.56827,34.962788,22.401535
2025-04-11,3.2411733,33.890762,21.197886
2025-04-12,1.5232925,34.53596,21.113281
2025-04-13,1.3596768,34.882984,21.113205
2025-04-14,0.6746009,35.69976,21.360682
2025-04-15,1.0913609,35.576694,22.090487
2025-04-16,1.1680932,35.826797,22.251917
2025-04-17,1.89434,35.805683,22.35703
2025-04-18,1.2865576,36.093582,22.809963
2025-04-19,2.5643883,35.856335,22.695013
2025-04-20,2.4835846,35.94108,23.170664
2025-04-21,2.312718,36.606937,22.689266
2025-04-22,0.90969825,37.059555,22.65457
2025-04-23,2.0572064,37.2247,22.247952
2025-04-24,1.8676249,37.303024,22.358652
2025-04-25,1.4623547,37.518906,22.648672
2025-04-26,1.0807256,36.956436,22.994675
2025-04-27,1.77338,36.01985,22.969948
2025-04-28,1.4855305,35.781605,22.077374
2025-04-29,1.7777742,35.58761,22.460861
2025-04-30,1.2489747,35.884483,22.462559
2025-05-01,0.6969189,35.79605,23.426796
2025-05-02,2.7331383,34.684082,21.963247
2025-05-03,1.4311482,35.567783,22.805906
2025-05-04,2.6874473,34.615387,22.257166
2025-05-05,2.386496,33.615917,21.60617
2025-05-06,2.7687652,33.664024,21.382055
2025-05-07,2.4228837,33.834534,21.857853
2025-05-08,2.5151925,34.02703,22.461788
2025-05-09,2.142753,34.808792,22.57465
2025-05-10,1.2683375,35.626133,23.508072
2025-05-11,1.4640733,35.926693,23.77236
2025-05-12,1.8419496,35.51417,23.593727
2025-05-13,2.6465564,35.766045,23.760094
2025-05-14,4.077929,35.922726,23.691605
2025-05-15,3.6669288,36.211544,24.171534
2025-05-16,3.092572,36.10215,23.963463
2025-05-17,3.8372838,35.647816,24.081432
2025-05-18,4.318483,35.31858,24.099148
2025-05-19,4.6823525,35.074005,24.111814
2025-05-20,4.665389,35.31657,24.417591
2025-05-21,6.177119,34.99951,24.31708
2025-05-22,7.51274,33.82885,22.974056
2025-05-23,4.479195,34.37086,23.791965
2025-05-24,4.1774206,33.94683,24.452887
2025-05-25,6.0631475,32.902428,23.158941
2025-05-26,7.6640687,33.022003,23.89009
2025-05-27,6.666242,33.789394,24.303047
2025-05-28,6.479502,33.889694,24.389761
2025-05-29,5.8422117,33.71389,24.104012
2025-05-30,8.936597,32.98296,23.876629
2025-05-31,11.927769,33.70637,23.865686
2025-06-01,5.1945148,34.22761,24.048306
2025-06-02,3.1950712,34.327015,23.631948
2025-06-03,3.2315948,32.8848,23.235823
2025-06-04,3.463376,32.78494,22.57036
2025-06-05,3.382706,33.91117,22.322252
2025-06-06,0.9268487,35.383038,23.603004
2025-06-07,1.0036926,36.291306,24.306732
2025-06-08,0.9719297,37.332603,25.017452
2025-06-09,1.7480054,37.198597,25.549482
2025-06-10,1.6027192,37.02437,25.38028
2025-06-11,2.3861084,36.43418,25.623201
2025-06-12,3.6774287,36.59926,25.464058
2025-06-13,3.6412258,36.21317,25.871605
2025-06-14,3.1612558,36.00389,25.809961
2025-06-15,6.2239513,34.210472,24.85945
2025-06-16,8.7912,32.6733,24.195024
2025-06-17,10.259124,32.244957,23.963259
2025-06-18,10.008585,32.42272,23.866236
2025-06-19,11.100226,31.923746,24.468798
2025-06-20,9.299432,31.860561,24.285791
2025-06-21,6.2354617,32.420307,24.434204
2025-06-22,5.7766924,32.37888,24.708918
2025-06-23,9.964224,31.100264,24.083368
2025-06-24,10.359742,31.471773,24.219427
2025-06-25,10.342272,30.924492,24.539461
2025-06-26,10.368961,31.605604,24.429813
2025-06-27,9.989611,31.818909,24.11979
2025-06-28,6.2318244,31.874958,24.189322
2025-06-29,7.751257,31.211716,24.056786
2025-06-30,9.429256,30.96146,23.569757
2025-07-01,10.612577,30.637352,23.811958
2025-07-02,9.270422,30.892324,23.965483
2025-07-03,10.932406,31.331156,23.945026
2025-07-04,9.351572,31.290768,24.163504
2025-07-05,9.893338,31.008732,24.09544
2025-07-06,11.443295,31.063381,24.064623
2025-07-07,11.818239,31.27236,23.807323
2025-07-08,9.573357,31.503933,23.752993
2025-07-09,9.621527,30.848354,23.784725
2025-07-10,8.786055,30.862803,23.422682
2025-07-11,5.3456097,31.934391,23.597294
2025-07-12,7.989432,32.175755,23.760355
2025-07-13,5.5608993,32.61102,24.180435
2025-07-14,9.172363,31.323545,23.861137
2025-07-15,11.768496,31.17796,23.465157
2025-07-16,8.633497,30.96532,23.780231
2025-07-17,9.317191,31.213512,23.976213
2025-07-18,8.878273,31.294333,23.919256
2025-07-19,8.588912,31.595428,23.949196
2025-07-20,8.533521,31.418398,23.936182
2025-07-21,7.3100905,31.299782,24.180029
2025-07-22,6.843399,31.542595,24.093155
2025-07-23,7.3291297,31.331,24.330812
2025-07-24,10.417172,31.263033,24.184103
2025-07-25,9.970798,31.31788,24.117386
2025-07-26,15.458866,30.557604,23.87555
2025-07-27,13.526695,30.737946,23.917116
2025-07-28,7.763878,30.699575,24.070572
2025-07-29,8.653602,30.157967,23.89394
2025-07-30,10.262328,30.028625,23.72028
2025-07-31,6.584124,30.326204,23.663609
2025-08-01,5.68745,31.048319,23.78736
2025-08-02,5.628369,31.068172,23.885128
2025-08-03,7.887446,31.02598,23.877071
2025-08-04,8.888278,31.1688,23.700413
2025-08-05,7.0010543,31.61006,23.788134
2025-08-06,7.6877747,31.9113,23.630354
2025-08-07,3.929261,32.11528,23.784601
2025-08-08,7.5198216,30.739426,23.665058
2025-08-09,6.636859,30.93098,23.488792
2025-08-10,5.261759,31.415462,23.80876
2025-08-11,6.8400993,31.197128,23.825
2025-08-12,5.6183424,31.23094,23.86286
2025-08-13,9.718677,29.947336,23.762457
2025-08-14,11.329886,29.987417,23.489246
2025-08-15,8.132698,31.357191,23.59831
2025-08-16,8.361757,31.487038,24.066692
2025-08-17,9.210998,31.13736,24.038366
2025-08-18,10.554971,30.507923,23.818123
2025-08-19,11.2098,30.601969,23.576254
2025-08-20,9.600856,30.718624,23.452888
2025-08-21,9.601822,30.915152,23.361298
2025-08-22,8.4945545,30.561829,23.564308
2025-08-23,11.209482,29.898884,23.340988
2025-08-24,11.574459,29.409128,23.078152
2025-08-25,9.827665,29.687637,22.787575
2025-08-26,7.6522713,30.014069,23.182175
2025-08-27,10.109238,30.488768,23.313337
2025-08-28,9.584967,30.62293,23.387285
2025-08-29,10.131301,30.631256,23.644053
2025-08-30,8.327673,30.743744,23.454256
2025-08-31,7.4632115,30.363535,23.441742
2025-09-01,11.378921,30.143867,23.066189
2025-09-02,11.714281,29.755854,23.007994
2025-09-03,10.616213,30.118301,22.87028
2025-09-04,9.865763,30.280859,22.858875
2025-09-05,7.269254,31.011845,23.131489
2025-09-06,5.794317,31.052118,23.363398
2025-09-07,8.080971,30.766525,23.167837
2025-09-08,8.229666,30.961031,23.017397
2025-09-09,5.238886,31.710508,23.089241
2025-09-10,2.543238,31.970139,23.461609
2025-09-11,5.3635244,31.164211,23.06344
2025-09-12,5.0093503,31.182213,23.173233
2025-09-13,4.148976,31.245049,23.396122
2025-09-14,6.816168,31.613388,23.446035
2025-09-15,6.774944,31.093304,23.440554
2025-09-16,8.947397,30.546215,23.231514
2025-09-17,7.706899,31.137415,23.001965
2025-09-18,6.4043717,31.432093,23.142033
2025-09-19,5.5392556,31.815372,23.143497
2025-09-20,4.0563307,32.300407,23.079277
2025-09-21,4.1705985,32.61402,22.952442
2025-09-22,4.7408094,32.55679,23.085665
2025-09-23,5.7634377,32.04249,22.996836
2025-09-24,4.3402576,31.979155,22.870169
2025-09-25,3.5687234,32.15442,22.737473
2025-09-26,3.8365097,32.041977,22.850965
2025-09-27,9.140583,31.256954,22.834848
2025-09-28,7.596494,31.69698,23.155704
2025-09-29,4.8840246,32.038147,23.200716
2025-09-30,1.9216232,31.675507,22.876177
2025-10-01,4.505605,30.783133,22.36164
2025-10-02,5.0301447,30.6356,22.308167
2025-10-03,6.7045817,30.542995,22.263563
2025-10-04,6.4865184,30.756384,22.308998
2025-10-05,7.202944,30.587858,21.89485
2025-10-06,6.3200884,29.062769,21.176008
2025-10-07,6.344864,29.553255,20.624475
2025-10-08,2.5941894,29.99862,20.690443
2025-10-09,2.6020768,30.423746,20.44804
2025-10-10,2.5391078,30.381247,19.940096
2025-10-11,2.563854,30.340433,19.826101
2025-10-12,1.9557945,31.03834,19.48157
2025-10-13,1.4911737,31.015444,19.470991
2025-10-14,0.86645746,31.219666,19.377413
2025-10-15,1.1202567,31.268059,19.624466
2025-10-16,0.86528623,31.388546,19.707972
2025-10-17,1.2941436,31.710068,19.735472
2025-10-18,1.2941377,31.650137,19.659536
2025-10-19,2.1585433,31.518747,19.715881
2025-10-20,1.9030658,31.407259,19.777052
2025-10-21,1.6205001,31.13718,20.222757
2025-10-22,3.6920035,31.232548,20.223162
2025-10-23,3.3009324,31.229149,20.185757
2025-10-24,3.2777026,30.884497,19.797152
2025-10-25,2.0782182,30.713179,19.764233
2025-10-26,2.6563783,30.250643,19.851494
2025-10-27,2.8169558,28.96113,20.26226
2025-10-28,7.6052876,27.783339,19.864695
2025-10-29,6.7453117,27.902597,19.830109
2025-10-30,5.5347815,27.84796,20.158375
2025-10-31,5.7211337,28.107807,19.967228
2025-11-01,3.9287362,29.020378,19.773045
2025-11-02,2.176997,29.51157,19.85383
2025-11-03,0.9269575,30.074337,19.218813
2025-11-04,0.7921836,29.505018,18.869461
2025-11-05,1.2596673,29.3526,18.30636
2025-11-06,0.83445615,29.080914,17.326677
2025-11-07,0.4926912,29.271044,16.335535
2025-11-08,0.097335696,29.09587,15.395464
2025-11-09,0.11926186,28.649763,14.541802
2025-11-10,0.04003919,28.294765,14.037464
2025-11-11,0.01888869,28.252005,14.040477
2025-11-12,0.14127989,28.28498,13.837112
2025-11-13,0.1352073,28.136345,13.641826
2025-11-14,0.14493658,27.884956,13.2248125
2025-11-15,0.14963397,27.724417,12.665621
2025-11-16,0.05103125,27.607834,12.553149
2025-11-17,0.19362102,27.620499,12.387095
2025-11-18,0.4890478,27.549145,12.613548
2025-11-19,0.79648274,27.9584,12.924717
2025-11-20,0.12827498,28.218393,13.404125
2025-11-21,0.11806423,28.267172,14.077044
2025-11-22,0.69130653,27.776628,14.475757
2025-11-23,0.98470175,27.36823,14.415599
2025-11-24,1.5556077,27.057163,14.115032
2025-11-25,0.2782512,26.776655,13.854506
2025-11-26,0.045598093,26.769526,13.287384
2025-11-27,0.0070443866,26.819895,13.271696
2025-11-28,0.024295565,26.833006,13.040295
2025-11-29,0.43225437,26.368189,12.787822
2025-11-30,1.2999274,26.377306,12.844795
2025-12-01,0.51777214,26.171423,13.197555
2025-12-02,0.45612502,26.10716,12.91068
2025-12-03,0.8895695,25.93872,12.596839
2025-12-04,0.88822365,25.9528,12.572372
2025-12-05,0.43301305,25.842396,12.104072
2025-12-06,0.17710564,25.828094,11.418167
2025-12-07,0.03599489,26.436733,11.573231
2025-12-08,0.054670334,26.898075,11.378492
2025-12-09,0.0026989484,26.868408,10.991482
2025-12-10,0.018676668,27.008913,10.892292
2025-12-11,0.007964943,26.81359,10.333673
2025-12-12,0.00038527104,26.876383,10.274113
2025-12-13,0.002639547,26.688568,10.568158
2025-12-14,0.0,26.776777,10.883505
2025-12-15,0.0,26.502335,11.094281
2025-12-16,0.0063522817,26.346094,11.214912
2025-12-17,0.23998506,26.712637,11.504579
2025-12-18,0.093377836,26.134523,11.457632
2025-12-19,0.0,25.613617,11.2834215
2025-12-20,0.0,25.051523,10.967204
2025-12-21,0.09503347,24.658936,11.541789
2025-12-22,0.522442,25.075277,11.693854
2025-12-23,0.41976827,25.341297,11.578595
2025-12-24,0.0018156403,24.789038,11.7444515
2025-12-25,0.012994686,24.643497,10.785834
2025-12-26,0.0040878784,24.737036,11.006085
2025-12-27,0.0007159532,24.342077,10.961045
2025-12-28,0.0,24.022917,10.977726
2025-12-29,0.0047236993,23.608347,11.278435
2025-12-30,0.13147806,23.81994,10.993676
2025-12-31,0.015517581,23.508265,11.247994
